"","country","origin","system","status","url","date_recorded","sysID","imageID","statusID","matID","Date"
"1",NA,"Soviet Union","T-72B","destroyed","https://web.archive.org/web/20220227175728/https://i.postimg.cc/PqJmywns/890.png","2022-03-30",1,1,1,NA,2022-02-27
"2",NA,"Soviet Union","T-72B","abandoned","https://web.archive.org/web/20220227175728/https://i.postimg.cc/1tvs3GFY/470.png","2022-03-30",1,2,2,NA,2022-02-27
"3",NA,"Soviet Union","T-72B","damaged","https://web.archive.org/web/20220227175728/https://i.postimg.cc/8zz8WcH7/763.png","2022-03-30",1,3,3,NA,2022-02-27
"4",NA,"Soviet Union","T-72B","abandoned","https://web.archive.org/web/20220227175728/https://i.postimg.cc/8zz8WcH7/763.png","2022-03-30",1,3,2,NA,2022-02-27
"5",NA,"Russia","T-72B Obr. 1989","abandoned","https://web.archive.org/web/20220227175728/https://i.postimg.cc/rsFyfrR7/h8.png","2022-03-30",2,4,2,NA,2022-02-27
"6",NA,"Russia","T-72B Obr. 1989","captured","https://web.archive.org/web/20220227175728/https://i.postimg.cc/NM8vPWBX/669.png","2022-03-30",2,5,4,NA,2022-02-27
"7",NA,"Russia","T-72B3","destroyed","https://web.archive.org/web/20220227175728/https://i.postimg.cc/Xqy5KYn3/55u.png","2022-03-30",3,6,1,NA,2022-02-27
"8",NA,"Russia","T-72B3","damaged","https://web.archive.org/web/20220227175728/https://i.postimg.cc/zfTsVnsF/579.png","2022-03-30",3,7,3,NA,2022-02-27
"9",NA,"Soviet Union","T-80BV","captured","https://web.archive.org/web/20220227175728/https://i.postimg.cc/63bVWQwX/470.png","2022-03-30",4,8,4,NA,2022-02-27
"10",NA,"Russia","T-80BVM","destroyed","https://web.archive.org/web/20220227175728/https://i.postimg.cc/2y474krg/336.png","2022-03-30",5,9,1,NA,2022-02-27
"11",NA,"Soviet Union","MT-LB","destroyed","https://web.archive.org/web/20220227175728/https://i.postimg.cc/0QPGdgX4/6658.png","2022-03-30",6,10,1,NA,2022-02-27
"12",NA,"Soviet Union","MT-LB","destroyed","https://web.archive.org/web/20220227175728/https://i.postimg.cc/XvpJbF2W/k9.png","2022-03-30",6,11,1,NA,2022-02-27
"13",NA,"Soviet Union","MT-LB","captured","https://web.archive.org/web/20220227175728/https://i.postimg.cc/P5M1XV5z/58.png","2022-03-30",6,12,4,NA,2022-02-27
"14",NA,"Soviet Union","MT-LB","captured","https://web.archive.org/web/20220227175728/https://i.postimg.cc/hjqg1p15/680.png","2022-03-30",6,13,4,NA,2022-02-27
"15",NA,"Soviet Union","MT-LB","captured","https://web.archive.org/web/20220227175728/https://i.postimg.cc/R0zbsmLL/6659.png","2022-03-30",6,14,4,NA,2022-02-27
"16",NA,"Soviet Union","MT-LB with ZU-23 AA gun","destroyed","https://web.archive.org/web/20220227175728/https://postimg.cc/kVDPCNz0","2022-03-30",7,15,1,NA,2022-02-27
"17",NA,"Soviet Union","MT-LBu","captured","https://web.archive.org/web/20220227175728/https://i.postimg.cc/pV5ZRVDR/5548.png","2022-03-30",8,16,4,NA,2022-02-27
"18",NA,"Soviet Union","2S1 Gvozdika with ZU-23 AA gun","captured","https://web.archive.org/web/20220227175728/https://i.postimg.cc/Yq5q4HcW/88kj.png","2022-03-30",9,17,4,NA,2022-02-27
"19",NA,"Soviet Union","9P149 Shturm-S ATGM carrier","destroyed","https://web.archive.org/web/20220227175728/https://i.postimg.cc/FKPZs7Ws/874.png","2022-03-30",10,18,1,NA,2022-02-27
"20",NA,"Russia","R-149MA1 unified command and staff vehicle","captured","https://web.archive.org/web/20220227175728/https://i.postimg.cc/hG5hhQJp/59.png","2022-03-30",11,19,4,NA,2022-02-27
"21",NA,"Russia","R-149MA1 unified command and staff vehicle","captured","https://web.archive.org/web/20220227175728/https://i.postimg.cc/kgBKhrFT/884.png","2022-03-30",11,20,4,NA,2022-02-27
"22",NA,"Soviet Union","BMP-2","destroyed","https://web.archive.org/web/20220227175728/https://i.postimg.cc/RCtc2sB0/554.png","2022-03-30",12,21,1,NA,2022-02-27
"23",NA,"Soviet Union","BMP-2","destroyed","https://web.archive.org/web/20220227175728/https://i.postimg.cc/26qYmmgL/668.png","2022-03-30",12,22,1,NA,2022-02-27
"24",NA,"Soviet Union","BMP-2","destroyed","https://web.archive.org/web/20220227175728/https://i.postimg.cc/TYZ72Ps8/77690.png","2022-03-30",12,23,1,NA,2022-02-27
"25",NA,"Soviet Union","BMP-2","captured","https://web.archive.org/web/20220227175728/https://i.postimg.cc/T1HJcX0f/776.png","2022-03-30",12,24,4,NA,2022-02-27
"26",NA,"Soviet Union","BMP-2","captured","https://web.archive.org/web/20220227175728/https://i.postimg.cc/QtN7DcKC/559.png","2022-03-30",12,25,4,NA,2022-02-27
"27",NA,"Soviet Union","BMP-2","captured","https://web.archive.org/web/20220227175728/https://i.postimg.cc/Zn38wp9q/680.png","2022-03-30",12,26,4,NA,2022-02-27
"28",NA,"Soviet Union","BMP-2","damaged","https://web.archive.org/web/20220227175728/https://i.postimg.cc/vBy9TRg0/77699.png","2022-03-30",12,27,3,NA,2022-02-27
"29",NA,"Soviet Union","BMP-2","abandoned","https://web.archive.org/web/20220227175728/https://i.postimg.cc/vBy9TRg0/77699.png","2022-03-30",12,27,2,NA,2022-02-27
"30",NA,"Soviet Union","BMP-2","damaged","https://web.archive.org/web/20220227175728/https://i.postimg.cc/XYyYKfsy/Screenshot-8236.png","2022-03-30",12,28,3,NA,2022-02-27
"31",NA,"Soviet Union","BMP-2","abandoned","https://web.archive.org/web/20220227175728/https://i.postimg.cc/XYyYKfsy/Screenshot-8236.png","2022-03-30",12,28,2,NA,2022-02-27
"32",NA,"Soviet Union","BMP-2","abandoned","https://web.archive.org/web/20220227175728/https://i.postimg.cc/BQzv1YB0/Screenshot-8238.png","2022-03-30",12,29,2,NA,2022-02-27
"33",NA,"Soviet Union","BMP-2","abandoned","https://web.archive.org/web/20220227175728/https://i.postimg.cc/tJM8dQNL/h77.png","2022-03-30",12,30,2,NA,2022-02-27
"34",NA,"Soviet Union","BMD-2","abandoned","https://web.archive.org/web/20220227175728/https://i.postimg.cc/xjLsrGfV/79.png","2022-03-30",13,31,2,NA,2022-02-27
"35",NA,"Soviet Union","BMD-2","captured","https://web.archive.org/web/20220227175728/https://i.postimg.cc/rssnsRcT/5799.png","2022-03-30",13,32,4,NA,2022-02-27
"36",NA,"Russia","BMD-4M","destroyed","https://web.archive.org/web/20220227175728/https://i.postimg.cc/gjmtWttx/548.png","2022-03-30",14,33,1,NA,2022-02-27
"37",NA,"Russia","BMD-4M","abandoned","https://i.postimg.cc/MZy05BrN/674.png","2022-03-30",14,34,2,NA,2022-02-27
"38",NA,"Russia","BTR-82A","captured","https://web.archive.org/web/20220227175728/https://i.postimg.cc/TYZ72Ps8/77690.png","2022-03-30",15,23,4,NA,2022-02-27
"39",NA,"Soviet Union","BTR-80","destroyed","https://web.archive.org/web/20220227175728/https://i.postimg.cc/Dwp3QN7Q/Screenshot-8275.png","2022-03-30",16,35,1,NA,2022-02-27
"40",NA,"Soviet Union","BTR-80","destroyed","https://web.archive.org/web/20220227175728/https://i.postimg.cc/nzTPBQHM/n1.png","2022-03-30",16,36,1,NA,2022-02-27
"41",NA,"Soviet Union","BTR-80","captured","https://web.archive.org/web/20220227175728/https://i.postimg.cc/cJCm25Z1/n2.png","2022-03-30",16,37,4,NA,2022-02-27
"42",NA,"Soviet Union","BTR-D","destroyed","https://web.archive.org/web/20220227175728/https://i.postimg.cc/J4crJP7d/46.png","2022-03-30",17,38,1,NA,2022-02-27
"43",NA,"Soviet Union","BTR-D","captured","https://web.archive.org/web/20220227175728/https://i.postimg.cc/kgBKhrFT/884.png","2022-03-30",17,20,4,NA,2022-02-27
"44",NA,"Soviet Union","BTR-D","captured","https://web.archive.org/web/20220227175728/https://i.postimg.cc/bN80m24w/6688.png","2022-03-30",17,39,4,NA,2022-02-27
"45",NA,"Russia","KamAZ-63968 Typhoon","captured","https://web.archive.org/web/20220227175728/https://postlmg.cc/sGfMhkCN","2022-03-30",18,40,4,NA,2022-02-27
"46",NA,"Russia","KamAZ-63968 Typhoon","captured","https://web.archive.org/web/20220227175728/https://i.postimg.cc/8c2xJRvB/570.png","2022-03-30",18,41,4,NA,2022-02-27
"47",NA,"Russia","GAZ Tigr-M","destroyed","https://web.archive.org/web/20220227175728/https://i.postimg.cc/W1VpzFcv/5578.png","2022-03-30",19,42,1,NA,2022-02-27
"48",NA,"Russia","GAZ Tigr-M","destroyed","https://web.archive.org/web/20220227175728/https://postimg.cc/f3bh0QRp","2022-03-30",19,43,1,NA,2022-02-27
"49",NA,"Russia","GAZ Tigr-M","destroyed","https://web.archive.org/web/20220227175728/https://i.postimg.cc/RFjRh5VD/776d.png","2022-03-30",19,44,1,NA,2022-02-27
"50",NA,"Russia","GAZ Tigr-M","destroyed","https://web.archive.org/web/20220227175728/https://postimg.cc/jnsX0hVw","2022-03-30",19,45,1,NA,2022-02-27
"51",NA,"Russia","GAZ Tigr-M","destroyed","https://web.archive.org/web/20220227175728/https://i.postimg.cc/26Q08q6c/m9.png","2022-03-30",19,46,1,NA,2022-02-27
"52",NA,"Russia","GAZ Tigr-M","destroyed","https://web.archive.org/web/20220227175728/https://i.postimg.cc/XYsxrSnW/Screenshot-8293.png","2022-03-30",19,47,1,NA,2022-02-27
"53",NA,"Russia","GAZ Tigr-M","damaged","https://web.archive.org/web/20220227175728/https://i.postimg.cc/ZKDrDbck/85.png","2022-03-30",19,48,3,NA,2022-02-27
"54",NA,"Russia","GAZ Tigr-M","abandoned","https://web.archive.org/web/20220227175728/https://postimg.cc/KKD3Shmf","2022-03-30",19,49,2,NA,2022-02-27
"55",NA,"Russia","GAZ Tigr-M","captured","https://web.archive.org/web/20220227175728/https://i.postimg.cc/JzBRKYtc/5j.png","2022-03-30",19,50,4,NA,2022-02-27
"56",NA,"Russia","GAZ Tigr-M","captured","https://web.archive.org/web/20220227175728/https://i.postimg.cc/dVQxVhc7/58p.png","2022-03-30",19,51,4,NA,2022-02-27
"57",NA,"Italy","Iveco LMV 'Rys'","captured","https://web.archive.org/web/20220227175728/https://i.postimg.cc/C5gfTFhF/680o.png","2022-03-30",20,52,4,NA,2022-02-27
"58",NA,"Russia","R-419L1 communication station","abandoned","https://web.archive.org/web/20220227175728/https://i.postimg.cc/HWF2jVg6/5588.png","2022-03-30",21,53,2,NA,2022-02-27
"59",NA,"Russia","KamAZ 6x6","damaged","https://web.archive.org/web/20220227175728/https://i.postimg.cc/DfxxKLnD/84.png","2022-03-30",22,54,3,NA,2022-02-27
"60",NA,"Russia","KamAZ 6x6","captured","https://web.archive.org/web/20220227175728/https://i.postimg.cc/DfxxKLnD/84.png","2022-03-30",22,54,4,NA,2022-02-27
"61",NA,"Soviet Union","BREM-K armoured recovery vehicle","captured","https://web.archive.org/web/20220227175728/https://i.postimg.cc/mkmwnq7g/760.png","2022-03-30",23,55,4,NA,2022-02-27
"62",NA,"Soviet Union","IMR-2 combat engineering vehicle","destroyed","https://web.archive.org/web/20220227175728/https://i.postimg.cc/xdbysNZ7/5548.png","2022-03-30",24,56,1,NA,2022-02-27
"63",NA,"Soviet Union","TMM-3 bridge layer","destroyed","https://web.archive.org/web/20220227175728/https://i.postimg.cc/HxVW1CCJ/Screenshot-8212.png","2022-03-30",25,57,1,NA,2022-02-27
"64",NA,"Soviet Union","TMM-3 bridge layer","captured","https://web.archive.org/web/20220227175728/https://i.postimg.cc/FRhY7mzP/75.png","2022-03-30",25,58,4,NA,2022-02-27
"65",NA,"Soviet Union","TMM-3 bridge layer","captured","https://web.archive.org/web/20220227175728/https://i.postimg.cc/X7wjb8tg/Screenshot-8214.png","2022-03-30",25,59,4,NA,2022-02-27
"66",NA,"Soviet Union","TMM-3 bridge layer","captured","https://web.archive.org/web/20220227175728/https://i.postimg.cc/Y0Fpjf0M/Screenshot-8216.png","2022-03-30",25,60,4,NA,2022-02-27
"67",NA,"Soviet Union","TMM-3 bridge layer","captured","https://web.archive.org/web/20220227175728/https://i.postimg.cc/FHN9sS4X/Screenshot-8217.png","2022-03-30",25,61,4,NA,2022-02-27
"68",NA,"Russia","KamAZ-5350 with EOV-3523 excavator","captured","https://web.archive.org/web/20220227175728/https://i.postimg.cc/bvhJB8xz/774.png","2022-03-30",26,62,4,NA,2022-02-27
"69",NA,"Russia","KamAZ-5350 with EOV-3523 excavator","captured","https://web.archive.org/web/20220227175728/https://i.postimg.cc/dQZQWvBp/Screenshot-8218.png","2022-03-30",26,63,4,NA,2022-02-27
"70",NA,"Russia","KamAZ-5350 with EOV-3523 excavator","captured","https://web.archive.org/web/20220227175728/https://i.postimg.cc/T30TyPdL/Screenshot-8219.png","2022-03-30",26,64,4,NA,2022-02-27
"71",NA,"Russia","KamAZ-5350 with crane","destroyed","https://web.archive.org/web/20220227175728/https://i.postimg.cc/zXtR3QK8/744.png","2022-03-30",27,65,1,NA,2022-02-27
"72",NA,"Russia","Ural-4320 Wrecker","damaged","https://web.archive.org/web/20220227175728/https://i.postimg.cc/SsQHDVNQ/5579.png","2022-03-30",28,66,3,NA,2022-02-27
"73",NA,"Russia","Ural-4320 Wrecker","captured","https://web.archive.org/web/20220227175728/https://i.postimg.cc/SsQHDVNQ/5579.png","2022-03-30",28,66,4,NA,2022-02-27
"74",NA,"Soviet Union","9M113 Konkurs","captured","https://web.archive.org/web/20220227175728/https://i.postimg.cc/1RfB2NxM/347.png","2022-03-30",29,67,4,NA,2022-02-27
"75",NA,"Soviet Union","9М131F Metis-M1","captured","https://web.archive.org/web/20220227175728/https://i.postimg.cc/kMwP5WQ0/8k.png","2022-03-30",30,68,4,NA,2022-02-27
"76",NA,"Soviet Union","120mm mortar","captured","https://web.archive.org/web/20220227175728/https://i.postimg.cc/SKhJwYXP/4703.png","2022-03-30",31,69,4,NA,2022-02-27
"77",NA,"Soviet Union","120mm mortar","captured","https://web.archive.org/web/20220227175728/https://i.postimg.cc/x11CC0NR/550.png","2022-03-30",31,70,4,NA,2022-02-27
"78",NA,"Soviet Union","152mm 2A65 Msta-B howitzer","destroyed","https://web.archive.org/web/20220227175728/https://i.postimg.cc/prGV0k4f/Screenshot-8069.png","2022-03-30",32,71,1,NA,2022-02-27
"79",NA,"Soviet Union","152mm 2A65 Msta-B howitzer","destroyed","https://web.archive.org/web/20220227175728/https://i.postimg.cc/05cN22jz/Screenshot-8075.png","2022-03-30",32,72,1,NA,2022-02-27
"80",NA,"Soviet Union","152mm 2A65 Msta-B howitzer","damaged","https://web.archive.org/web/20220227175728/https://i.postimg.cc/yYx8J43v/Screenshot-8073.png","2022-03-30",32,73,3,NA,2022-02-27
"81",NA,"Soviet Union","152mm 2A65 Msta-B howitzer","captured","https://web.archive.org/web/20220227175728/https://i.postimg.cc/yYx8J43v/Screenshot-8073.png","2022-03-30",32,73,4,NA,2022-02-27
"82",NA,"Soviet Union","152mm 2A65 Msta-B howitzer","captured","https://web.archive.org/web/20220227175728/https://postimg.cc/q6CYJkkd","2022-03-30",32,74,4,NA,2022-02-27
"83",NA,"Soviet Union","122mm BM-21 'Grad'","destroyed","https://web.archive.org/web/20220227175728/https://i.postimg.cc/8c0jfFn1/b6.png","2022-03-30",33,75,1,NA,2022-02-27
"84",NA,"Soviet Union","122mm BM-21 'Grad'","destroyed","https://web.archive.org/web/20220227175728/https://i.postimg.cc/B65zvHbK/b6.png","2022-03-30",33,76,1,NA,2022-02-27
"85",NA,"Soviet Union","122mm BM-21 'Grad'","captured","https://web.archive.org/web/20220227175728/https://i.postimg.cc/xCF0twG5/b6.png","2022-03-30",33,77,4,NA,2022-02-27
"86",NA,"Soviet Union","122mm BM-21 'Grad'","captured","https://web.archive.org/web/20220227175728/https://i.postimg.cc/DZ0Q5pHc/6652.png","2022-03-30",33,78,4,NA,2022-02-27
"87",NA,"Soviet Union","9K33 Osa","destroyed","https://web.archive.org/web/20220227175728/https://i.postimg.cc/xChnM7jX/n2.png","2022-03-30",34,79,1,NA,2022-02-27
"88",NA,"Russia","9A310M1-2 TELAR (launcher and radar for Buk-M1-2)","damaged","https://web.archive.org/web/20220227175728/https://i.postimg.cc/DZXDG2k3/779.png","2022-03-30",35,80,3,NA,2022-02-27
"89",NA,"Russia","Tor-M2","destroyed","https://web.archive.org/web/20220227175728/https://i.postimg.cc/5tS4wn32/578.png","2022-03-30",36,81,1,NA,2022-02-27
"90",NA,"Russia","2K22M1 Tunguska","damaged","https://web.archive.org/web/20220227175728/https://i.postimg.cc/9MqLyHJZ/764.png","2022-03-30",37,82,3,NA,2022-02-27
"91",NA,"Russia","2K22M1 Tunguska","abandoned","https://web.archive.org/web/20220227175728/https://i.postimg.cc/9MqLyHJZ/764.png","2022-03-30",37,82,2,NA,2022-02-27
"92",NA,"Russia","Su-30SM","destroyed","https://web.archive.org/web/20220227175728/https://i.postimg.cc/QNPryLw9/7699.png","2022-03-30",38,83,1,NA,2022-02-27
"93",NA,"Soviet Union","Su-25 strike aircraft","destroyed","https://web.archive.org/web/20220227175728/https://tass.ru/armiya-i-opk/13840645","2022-03-30",39,84,1,NA,2022-02-27
"94",NA,"Soviet Union","An-26 transport aircraft","destroyed","https://web.archive.org/web/20220227175728/https://i.postimg.cc/R0ppMFNQ/448.png","2022-03-30",40,85,1,NA,2022-02-27
"95",NA,"Soviet Union","Mi-24","destroyed","https://web.archive.org/web/20220227175728/https://i.postimg.cc/x1B22Yvq/7755.png","2022-03-30",41,86,1,NA,2022-02-27
"96",NA,"Russia","Ka-52 'Alligator'","destroyed","https://web.archive.org/web/20220227175728/https://i.postimg.cc/PJGKCtCv/658.png","2022-03-30",42,87,1,NA,2022-02-27
"97",NA,"Russia","Ka-52 'Alligator'","damaged","https://web.archive.org/web/20220227175728/https://i.postimg.cc/kXX8gFLx/769.png","2022-03-30",42,88,3,NA,2022-02-27
"98",NA,"Soviet Union","GAZ-66","captured","https://web.archive.org/web/20220227175728/https://i.postimg.cc/ncy3jWxy/55488.png","2022-03-30",43,89,4,NA,2022-02-27
"99",NA,"Soviet Union","9T452 transporter-loader (for BM-27 'Uragan' MRL)","destroyed","https://web.archive.org/web/20220227175728/https://i.postimg.cc/QNzHJ4Yk/n2.png","2022-03-30",44,90,1,NA,2022-02-27
"100",NA,"Russia","GAZ-3308","abandoned","https://web.archive.org/web/20220227175728/https://postimg.cc/cg7mbbzG","2022-03-30",45,91,2,NA,2022-02-27
"101",NA,"Russia","GAZ-3308","abandoned","https://web.archive.org/web/20220227175728/https://postimg.cc/62xczXYh","2022-03-30",45,92,2,NA,2022-02-27
"102",NA,"Russia","GAZ Sobol","destroyed","https://web.archive.org/web/20220227175728/https://i.postimg.cc/gkPg5HgC/Screenshot-8289.png","2022-03-30",46,93,1,NA,2022-02-27
"103",NA,"Russia","GAZ Sobol","abandoned","https://web.archive.org/web/20220227175728/https://postimg.cc/87FbS5YH","2022-03-30",46,94,2,NA,2022-02-27
"104",NA,"Russia","Ural-4320","destroyed","https://web.archive.org/web/20220227175728/https://postimg.cc/5jvTwsWN","2022-03-30",47,95,1,NA,2022-02-27
"105",NA,"Russia","Ural-4320","destroyed","https://web.archive.org/web/20220227175728/https://postimg.cc/vxWKbZt6","2022-03-30",47,96,1,NA,2022-02-27
"106",NA,"Russia","Ural-4320","destroyed","https://web.archive.org/web/20220227175728/https://postimg.cc/HVgK3bT0","2022-03-30",47,97,1,NA,2022-02-27
"107",NA,"Russia","Ural-4320","destroyed","https://web.archive.org/web/20220227175728/https://postimg.cc/f3bh0QRp","2022-03-30",47,43,1,NA,2022-02-27
"108",NA,"Russia","Ural-4320","destroyed","https://web.archive.org/web/20220227175728/https://postimg.cc/YvjdC8vQ","2022-03-30",47,98,1,NA,2022-02-27
"109",NA,"Russia","Ural-4320","destroyed","https://web.archive.org/web/20220227175728/https://postimg.cc/KR09bC8Z","2022-03-30",47,99,1,NA,2022-02-27
"110",NA,"Russia","Ural-4320","damaged","https://web.archive.org/web/20220227175728/https://postimg.cc/kVDPCNz0","2022-03-30",47,15,3,NA,2022-02-27
"111",NA,"Russia","Ural-4320","damaged","https://web.archive.org/web/20220227175728/https://postimg.cc/w12pvjgD","2022-03-30",47,100,3,NA,2022-02-27
"112",NA,"Russia","Ural-4320","abandoned","https://web.archive.org/web/20220227175728/https://postimg.cc/w12pvjgD","2022-03-30",47,100,2,NA,2022-02-27
"113",NA,"Russia","Ural-4320","abandoned","https://web.archive.org/web/20220227175728/https://i.postimg.cc/R0KVpG33/Screenshot-8272.png","2022-03-30",47,101,2,NA,2022-02-27
"114",NA,"Russia","Ural-4320","captured","https://web.archive.org/web/20220227175728/https://i.postimg.cc/hvCrKWm6/682.png","2022-03-30",47,102,4,NA,2022-02-27
"115",NA,"Russia","Ural-4320","captured","https://web.archive.org/web/20220227175728/https://i.postimg.cc/Z5GKzh1D/r1.png","2022-03-30",47,103,4,NA,2022-02-27
"116",NA,"Russia","Ural-4320","captured","https://web.archive.org/web/20220227175728/https://i.postimg.cc/pXL1Kn3v/5583.png","2022-03-30",47,104,4,NA,2022-02-27
"117",NA,"Russia","Ural-4320","captured","https://web.archive.org/web/20220227175728/https://i.postimg.cc/dQSXZBB2/74.png","2022-03-30",47,105,4,NA,2022-02-27
"118",NA,"Russia","Ural-4320","captured","https://web.archive.org/web/20220227175728/https://i.postimg.cc/Jn500txp/55799.png","2022-03-30",47,106,4,NA,2022-02-27
"119",NA,"Russia","Ural-43206","captured","https://web.archive.org/web/20220227175728/https://i.postimg.cc/pdjsnMg9/c1.png","2022-03-30",48,107,4,NA,2022-02-27
"120",NA,"Russia","Ural-43206","captured","https://web.archive.org/web/20220227175728/https://i.postimg.cc/1tZJGYQv/c2.png","2022-03-30",48,108,4,NA,2022-02-27
"121",NA,"Russia","Ural Federal","destroyed","https://web.archive.org/web/20220227175728/https://postimg.cc/YvcvvC98","2022-03-30",49,109,1,NA,2022-02-27
"122",NA,"Russia","Ural Federal","abandoned","https://web.archive.org/web/20220227175728/https://postimg.cc/4nNVGy79","2022-03-30",49,110,2,NA,2022-02-27
"123",NA,"Russia","Ural Federal","abandoned","https://web.archive.org/web/20220227175728/https://postimg.cc/c6Hgjz27","2022-03-30",49,111,2,NA,2022-02-27
"124",NA,"Russia","KamAZ 6x6","destroyed","https://web.archive.org/web/20220227175728/https://i.postimg.cc/K8dLcdtV/h0.png","2022-03-30",22,112,1,NA,2022-02-27
"125",NA,"Russia","KamAZ 6x6","destroyed","https://web.archive.org/web/20220227175728/https://i.postimg.cc/G2Ndj56v/Screenshot-8192.png","2022-03-30",22,113,1,NA,2022-02-27
"126",NA,"Russia","KamAZ 6x6","destroyed","https://web.archive.org/web/20220227175728/https://i.postimg.cc/mhW4vFLD/Screenshot-8193.png","2022-03-30",22,114,1,NA,2022-02-27
"127",NA,"Russia","KamAZ 6x6","destroyed","https://web.archive.org/web/20220227175728/https://i.postimg.cc/MpmpyDDG/Screenshot-8209.png","2022-03-30",22,115,1,NA,2022-02-27
"128",NA,"Russia","KamAZ 6x6","destroyed","https://web.archive.org/web/20220227175728/https://i.postimg.cc/nc8Fg5Sz/Screenshot-8215.png","2022-03-30",22,116,1,NA,2022-02-27
"129",NA,"Russia","KamAZ 6x6","destroyed","https://web.archive.org/web/20220227175728/https://i.postimg.cc/jj8q1SB0/Screenshot-8210.png","2022-03-30",22,117,1,NA,2022-02-27
"130",NA,"Russia","KamAZ 6x6","destroyed","https://web.archive.org/web/20220227175728/https://i.postimg.cc/nzgFHwH3/Screenshot-8211.png","2022-03-30",22,118,1,NA,2022-02-27
"131",NA,"Russia","KamAZ 6x6","destroyed","https://web.archive.org/web/20220227175728/https://postimg.cc/PvG7gwYj","2022-03-30",22,119,1,NA,2022-02-27
"132",NA,"Russia","KamAZ 6x6","destroyed","https://web.archive.org/web/20220227175728/https://i.postimg.cc/wjDYJj9c/Screenshot-8224.png","2022-03-30",22,120,1,NA,2022-02-27
"133",NA,"Russia","KamAZ 6x6","destroyed","https://web.archive.org/web/20220227175728/https://i.postimg.cc/dQmFbzNj/6888.png","2022-03-30",22,121,1,NA,2022-02-27
"134",NA,"Russia","KamAZ 6x6","destroyed","https://web.archive.org/web/20220227175728/https://i.postimg.cc/zfp7Rm55/Screenshot-8276.png","2022-03-30",22,122,1,NA,2022-02-27
"135",NA,"Russia","KamAZ 6x6","destroyed","https://web.archive.org/web/20220227175728/https://i.postimg.cc/nrMnttVL/7k.png","2022-03-30",22,123,1,NA,2022-02-27
"136",NA,"Russia","KamAZ 6x6","destroyed","https://web.archive.org/web/20220227175728/https://i.postimg.cc/gkPg5HgC/Screenshot-8289.png","2022-03-30",22,93,1,NA,2022-02-27
"137",NA,"Russia","KamAZ 6x6","destroyed","https://web.archive.org/web/20220227175728/https://postimg.cc/5QNwkNv8","2022-03-30",22,124,1,NA,2022-02-27
"138",NA,"Russia","KamAZ 6x6","destroyed","https://web.archive.org/web/20220227175728/https://i.postimg.cc/kXvznpZN/v7.png","2022-03-30",22,125,1,NA,2022-02-27
"139",NA,"Russia","KamAZ 6x6","destroyed","https://web.archive.org/web/20220227175728/https://postimg.cc/rd1xVtNS","2022-03-30",22,126,1,NA,2022-02-27
"140",NA,"Russia","KamAZ 6x6","destroyed","https://web.archive.org/web/20220227175728/https://postimg.cc/KRCMt59P","2022-03-30",22,127,1,NA,2022-02-27
"141",NA,"Russia","KamAZ 6x6","damaged","https://web.archive.org/web/20220227175728/https://i.postimg.cc/kGnW3KWg/880.png","2022-03-30",22,128,3,NA,2022-02-27
"142",NA,"Russia","KamAZ 6x6","abandoned","https://web.archive.org/web/20220227175728/https://i.postimg.cc/9F0M05Tb/Screenshot-8232.png","2022-03-30",22,129,2,NA,2022-02-27
"143",NA,"Russia","KamAZ 6x6","abandoned","https://web.archive.org/web/20220227175728/https://i.postimg.cc/RFmCkffg/Screenshot-8273.png","2022-03-30",22,130,2,NA,2022-02-27
"144",NA,"Russia","KamAZ 6x6","abandoned","https://web.archive.org/web/20220227175728/https://postimg.cc/zVzd9q5t","2022-03-30",22,131,2,NA,2022-02-27
"145",NA,"Russia","KamAZ 6x6","abandoned","https://web.archive.org/web/20220227175728/https://i.postimg.cc/Pq6cnvCm/Screenshot-8284.png","2022-03-30",22,132,2,NA,2022-02-27
"146",NA,"Russia","KamAZ 6x6","abandoned","https://web.archive.org/web/20220227175728/https://i.postimg.cc/bNQBNBGY/Screenshot-8285.png","2022-03-30",22,133,2,NA,2022-02-27
"147",NA,"Russia","KamAZ 6x6","abandoned","https://web.archive.org/web/20220227175728/https://postimg.cc/VS80VkP5","2022-03-30",22,134,2,NA,2022-02-27
"148",NA,"Russia","KamAZ 6x6","abandoned","https://web.archive.org/web/20220227175728/https://postimg.cc/CznZMqFz","2022-03-30",22,135,2,NA,2022-02-27
"149",NA,"Russia","KamAZ 6x6","captured","https://web.archive.org/web/20220227175728/https://i.postimg.cc/Hn7xkb8m/688.png","2022-03-30",22,136,4,NA,2022-02-27
"150",NA,"Russia","KamAZ 6x6","captured","https://web.archive.org/web/20220227175728/https://i.postimg.cc/YSQ2ps72/r2.png","2022-03-30",22,137,4,NA,2022-02-27
"151",NA,"Russia","KamAZ 6x6","captured","https://web.archive.org/web/20220227175728/https://i.postimg.cc/gJ6f7NZ3/57.png","2022-03-30",22,138,4,NA,2022-02-27
"152",NA,"Russia","KamAZ 6x6","captured","https://web.archive.org/web/20220227175728/https://i.postimg.cc/VkXF0qmD/6599.png","2022-03-30",22,139,4,NA,2022-02-27
"153",NA,"Russia","KamAZ 6x6","captured","https://web.archive.org/web/20220227175728/https://i.postimg.cc/DZ0Q5pHc/6652.png","2022-03-30",22,78,4,NA,2022-02-27
"154",NA,"Russia","KamAZ 6x6","captured","https://web.archive.org/web/20220227175728/https://i.postimg.cc/Bbj44g2S/5580.png","2022-03-30",22,140,4,NA,2022-02-27
"155",NA,"Russia","KamAZ 6x6","captured","https://web.archive.org/web/20220227175728/https://i.postimg.cc/23RZybKP/6800.png","2022-03-30",22,141,4,NA,2022-02-27
"156",NA,"Russia","KamAZ-6350 8x8 artillery tractor","destroyed","https://web.archive.org/web/20220227175728/https://i.postimg.cc/VvPSc7kX/Screenshot-8070.png","2022-03-30",50,142,1,NA,2022-02-27
"157",NA,"Russia","KamAZ-6350 8x8 artillery tractor","destroyed","https://web.archive.org/web/20220227175728/https://i.postimg.cc/br0ZYQZW/Screenshot-8071.png","2022-03-30",50,143,1,NA,2022-02-27
"158",NA,"Russia","KamAZ-6350 8x8 artillery tractor","damaged","https://web.archive.org/web/20220227175728/https://i.postimg.cc/br6jRJWd/Screenshot-8072.png","2022-03-30",50,144,3,NA,2022-02-27
"159",NA,"Russia","KamAZ-6350 8x8 artillery tractor","captured","https://web.archive.org/web/20220227175728/https://i.postimg.cc/br6jRJWd/Screenshot-8072.png","2022-03-30",50,144,4,NA,2022-02-27
"160",NA,"Russia","KamAZ-6350 8x8 artillery tractor","damaged","https://web.archive.org/web/20220227175728/https://i.postimg.cc/nczxh49m/Screenshot-8074.png","2022-03-30",50,145,3,NA,2022-02-27
"161",NA,"Russia","KamAZ-6350 8x8 artillery tractor","captured","https://web.archive.org/web/20220227175728/https://i.postimg.cc/nczxh49m/Screenshot-8074.png","2022-03-30",50,145,4,NA,2022-02-27
"162",NA,"Russia","Unknown vehicle","destroyed","https://web.archive.org/web/20220227175728/https://i.postimg.cc/cLy31D99/557.png","2022-03-30",51,146,1,NA,2022-02-27
"163",NA,"Russia","Unknown vehicle","destroyed","https://web.archive.org/web/20220227175728/https://i.postimg.cc/L5WpLtHC/370.png","2022-03-30",51,147,1,NA,2022-02-27
"164",NA,"Russia","Unknown vehicle","destroyed","https://web.archive.org/web/20220227175728/https://i.postimg.cc/v8Jyk5sf/4k.png","2022-03-30",51,148,1,NA,2022-02-27
"165",NA,"Soviet Union","T-64BV","destroyed","https://web.archive.org/web/20220227175728/https://i.postimg.cc/mgntjg7P/763.png","2022-03-30",52,149,1,NA,2022-02-27
"166",NA,"Soviet Union","T-64BV","destroyed","https://web.archive.org/web/20220227175728/https://i.postimg.cc/59wN4Ybq/689.png","2022-03-30",52,150,1,NA,2022-02-27
"167",NA,"Soviet Union","T-64BV","destroyed","https://web.archive.org/web/20220227175728/https://i.postimg.cc/fWBW5NVQ/558.png","2022-03-30",52,151,1,NA,2022-02-27
"168",NA,"Soviet Union","T-64BV","damaged","https://web.archive.org/web/20220227175728/https://i.postimg.cc/CLn96SZZ/f7.png","2022-03-30",52,152,3,NA,2022-02-27
"169",NA,"Soviet Union","T-64BV","abandoned","https://web.archive.org/web/20220227175728/https://i.postimg.cc/CLn96SZZ/f7.png","2022-03-30",52,152,2,NA,2022-02-27
"170",NA,"Soviet Union","T-64BV","abandoned","https://web.archive.org/web/20220227175728/https://i.postimg.cc/rFzZ43Zg/578.png","2022-03-30",52,153,2,NA,2022-02-27
"171",NA,"Soviet Union","T-64BV","abandoned","https://web.archive.org/web/20220227175728/https://i.postimg.cc/vBTn2B8C/467.png","2022-03-30",52,154,2,NA,2022-02-27
"172",NA,"Soviet Union","T-64BV","abandoned","https://web.archive.org/web/20220227175728/https://i.postimg.cc/8Pf8WQWH/557l.png","2022-03-30",52,155,2,NA,2022-02-27
"173",NA,"Soviet Union","T-64BV","abandoned","https://web.archive.org/web/20220227175728/https://i.postimg.cc/fTV39LBr/5570.png","2022-03-30",52,156,2,NA,2022-02-27
"174",NA,"Soviet Union","BRM-1K","captured","https://web.archive.org/web/20220227175728/https://i.postimg.cc/ZnMyg04W/6669.jpg","2022-03-30",53,157,4,NA,2022-02-27
"175",NA,"Soviet Union","BRDM-2","abandoned","https://web.archive.org/web/20220227175728/https://i.postimg.cc/TYfDBCPr/577.png","2022-03-30",54,158,2,NA,2022-02-27
"176",NA,"Soviet Union","BRDM-2","abandoned","https://web.archive.org/web/20220227175728/https://i.postimg.cc/zGQd8V3S/4437.png","2022-03-30",54,159,2,NA,2022-02-27
"177",NA,"Soviet Union","BRDM-2","abandoned","https://web.archive.org/web/20220227175728/https://i.postimg.cc/KYF1K5KZ/5547.png","2022-03-30",54,160,2,NA,2022-02-27
"178",NA,"Soviet Union","BRDM-2","abandoned","https://web.archive.org/web/20220227175728/https://i.postimg.cc/x1Pz37Vk/5577.png","2022-03-30",54,161,2,NA,2022-02-27
"179",NA,"Soviet Union","BRDM-2","abandoned","https://web.archive.org/web/20220227175728/https://i.postimg.cc/x1q26JWK/443o.png","2022-03-30",54,162,2,NA,2022-02-27
"180",NA,"Soviet Union","BRDM-2","abandoned","https://web.archive.org/web/20220227175728/https://i.postimg.cc/7Pg0LbtM/553.png","2022-03-30",54,163,2,NA,2022-02-27
"181",NA,"Soviet Union","BRDM-2","abandoned","https://web.archive.org/web/20220227175728/https://i.postimg.cc/DZ1JmY6y/4436.png","2022-03-30",54,164,2,NA,2022-02-27
"182",NA,"Soviet Union","BRDM-2","abandoned","https://web.archive.org/web/20220227175728/https://i.postimg.cc/cLp0yYYV/795.png","2022-03-30",54,165,2,NA,2022-02-27
"183",NA,"Soviet Union","MT-LBu","abandoned","https://web.archive.org/web/20220227175728/https://i.postimg.cc/D00sLq8C/Screenshot-8261.png","2022-03-30",8,166,2,NA,2022-02-27
"184",NA,"Ukraine","MT-LB Ambulance","abandoned","https://web.archive.org/web/20220227175728/https://i.postimg.cc/3Jv5s5tq/468.png","2022-03-30",55,167,2,NA,2022-02-27
"185",NA,"Ukraine","BSEM-4K","destroyed","https://web.archive.org/web/20220227175728/https://i.postimg.cc/5yjhTNPP/Screenshot-8306.png","2022-03-30",56,168,1,NA,2022-02-27
"186",NA,"Soviet Union","MT-LBu","damaged","https://web.archive.org/web/20220227175728/https://i.postimg.cc/ZYHxJ6rp/Screenshot-8036.png","2022-03-30",8,169,3,NA,2022-02-27
"187",NA,"Soviet Union","MT-LBu","abandoned","https://web.archive.org/web/20220227175728/https://i.postimg.cc/ZYHxJ6rp/Screenshot-8036.png","2022-03-30",8,169,2,NA,2022-02-27
"188",NA,"Soviet Union","BMP-1","destroyed","https://web.archive.org/web/20220227175728/https://i.postimg.cc/7hc1JGgw/558.jpg","2022-03-30",57,170,1,NA,2022-02-27
"189",NA,"Soviet Union","BMP-1","destroyed","https://web.archive.org/web/20220227175728/https://i.postimg.cc/V6Xg1gbX/886.png","2022-03-30",57,171,1,NA,2022-02-27
"190",NA,"Soviet Union","BMP-1","abandoned","https://web.archive.org/web/20220227175728/https://i.postimg.cc/nzYYjDN8/Screenshot-8035.png","2022-03-30",57,172,2,NA,2022-02-27
"191",NA,"Soviet Union","BMP-1","abandoned","https://web.archive.org/web/20220227175728/https://i.postimg.cc/8cZRwV1t/Screenshot-8037.png","2022-03-30",57,173,2,NA,2022-02-27
"192",NA,"Soviet Union","BMP-1","abandoned","https://web.archive.org/web/20220227175728/https://i.postimg.cc/vTY7Wmd4/Screenshot-8038.png","2022-03-30",57,174,2,NA,2022-02-27
"193",NA,"Soviet Union","BMP-1","abandoned","https://web.archive.org/web/20220227175728/https://i.postimg.cc/TYfDBCPr/577.png","2022-03-30",57,158,2,NA,2022-02-27
"194",NA,"Soviet Union","BMP-2","abandoned","https://web.archive.org/web/20220227175728/https://i.postimg.cc/xT3v6qKT/4470.png","2022-03-30",12,175,2,NA,2022-02-27
"195",NA,"Ukraine","BTR-4","destroyed","https://web.archive.org/web/20220227175728/https://i.postimg.cc/W42RL0Ld/5554.png","2022-03-30",58,176,1,NA,2022-02-27
"196",NA,"Ukraine","BTR-4","destroyed","https://web.archive.org/web/20220227175728/https://i.postimg.cc/bYFbd2PW/6658.png","2022-03-30",58,177,1,NA,2022-02-27
"197",NA,"Ukraine","BTR-4","destroyed","https://web.archive.org/web/20220227175728/https://i.postimg.cc/LXydxZVY/Screenshot-8305.png","2022-03-30",58,178,1,NA,2022-02-27
"198",NA,"Ukraine","BTR-4","abandoned","https://web.archive.org/web/20220227175728/https://i.postimg.cc/mkdGX6cb/447.png","2022-03-30",58,179,2,NA,2022-02-27
"199",NA,"Ukraine","BTR-4","captured","https://web.archive.org/web/20220227175728/https://i.postimg.cc/tCP3NpHR/c1.png","2022-03-30",58,180,4,NA,2022-02-27
"200",NA,"Ukraine","BTR-4","captured","https://web.archive.org/web/20220227175728/https://i.postimg.cc/htB9C6SL/c2.png","2022-03-30",58,181,4,NA,2022-02-27
"201",NA,"Ukraine","BTR-3","captured","https://web.archive.org/web/20220227175728/https://i.postimg.cc/wv6zrZdn/Screenshot-8248.png","2022-03-30",59,182,4,NA,2022-02-27
"202",NA,"Soviet Union","BTR-70","captured","https://web.archive.org/web/20220227175728/https://i.postimg.cc/9FS2wLRZ/Screenshot-8016.png","2022-03-30",60,183,4,NA,2022-02-27
"203",NA,"Soviet Union","BTR-70","abandoned","https://web.archive.org/web/20220227175728/https://i.postimg.cc/RCWcTD3F/579.png","2022-03-30",60,184,2,NA,2022-02-27
"204",NA,"Ukraine","Unknown BTR","abandoned","https://web.archive.org/web/20220227175728/https://i.postimg.cc/524HCBT8/b1.png","2022-03-30",61,185,2,NA,2022-02-27
"205",NA,"United States","HMMWV","destroyed","https://web.archive.org/web/20220227175728/https://i.postimg.cc/bY3x4Pp9/4478.png","2022-03-30",62,186,1,NA,2022-02-27
"206",NA,"Ukraine","Varta","captured","https://web.archive.org/web/20220227175728/https://i.postimg.cc/rmJCSVgp/g1.png","2022-03-30",63,187,4,NA,2022-02-27
"207",NA,"Ukraine","Varta","captured","https://web.archive.org/web/20220227175728/https://i.postimg.cc/MpqsfLzt/66590.png","2022-03-30",63,188,4,NA,2022-02-27
"208",NA,"Ukraine","Kozak-2","destroyed","https://web.archive.org/web/20220227175728/https://i.postimg.cc/L6pqJk7y/58.png","2022-03-30",64,189,1,NA,2022-02-27
"209",NA,"United Kingdom","MBT LAW 'NLAW'","captured","https://web.archive.org/web/20220227175728/https://twitter.com/Caucasuswar/status/1497165090835083293","2022-03-30",65,190,4,NA,2022-02-27
"210",NA,"Soviet Union","152mm 2A65 Msta-B howitzer","abandoned","https://web.archive.org/web/20220227175728/https://i.postimg.cc/zfBM7CWN/Screenshot-8227.png","2022-03-30",32,191,2,NA,2022-02-27
"211",NA,"Soviet Union","152mm 2A65 Msta-B howitzer","abandoned","https://web.archive.org/web/20220227175728/https://i.postimg.cc/gj9TG17c/Screenshot-8228.png","2022-03-30",32,192,2,NA,2022-02-27
"212",NA,"Soviet Union","122mm 2S1 Gvozdika","captured","https://web.archive.org/web/20220227175728/https://i.postimg.cc/x1nDQ4cP/Screenshot-8055.png","2022-03-30",66,193,4,NA,2022-02-27
"213",NA,"Soviet Union","122mm 2S1 Gvozdika","captured","https://web.archive.org/web/20220227175728/https://postimg.cc/dh3pzgQm","2022-03-30",66,194,4,NA,2022-02-27
"214",NA,"Soviet Union","5P85D (launcher for S-300PS)","destroyed","https://web.archive.org/web/20220227175728/https://i.postimg.cc/50rg9crH/4488.png","2022-03-30",67,195,1,NA,2022-02-27
"215",NA,"Soviet Union","9K33 Osa","destroyed","https://web.archive.org/web/20220227175728/https://i.postimg.cc/wM1d9gZR/b8.png","2022-03-30",34,196,1,NA,2022-02-27
"216",NA,"Soviet Union","9K33 Osa","destroyed","https://web.archive.org/web/20220227175728/https://i.postimg.cc/ncjkcdJN/589.png","2022-03-30",34,197,1,NA,2022-02-27
"217",NA,"Soviet Union","Buk-M1","destroyed","https://web.archive.org/web/20220227175728/https://i.postimg.cc/65Hjk0rQ/5542.png","2022-03-30",68,198,1,NA,2022-02-27
"218",NA,"Soviet Union","P-14 'Tall King'","damaged","https://web.archive.org/web/20220227175728/https://i.postimg.cc/rpWmrPLb/57.png","2022-03-30",69,199,3,NA,2022-02-27
"219",NA,"Soviet Union","P-35/37 'Bar Lock'","destroyed","https://web.archive.org/web/20220227175728/https://i.postimg.cc/WpShQwBk/5547.png","2022-03-30",70,200,1,NA,2022-02-27
"220",NA,"Soviet Union","PRV-13 'Odd Pair'","destroyed","https://web.archive.org/web/20220227175728/https://i.postimg.cc/pXwx79Lj/557.png","2022-03-30",71,201,1,NA,2022-02-27
"221",NA,"Soviet Union","1L22 'Parol'","destroyed","https://web.archive.org/web/20220227175728/https://i.postimg.cc/SRjk0C96/6659.png","2022-03-30",72,202,1,NA,2022-02-27
"222",NA,"Soviet Union","1L22 'Parol'","damaged","https://web.archive.org/web/20220227175728/https://postimg.cc/9Dcvz02c","2022-03-30",72,203,3,NA,2022-02-27
"223",NA,"Soviet Union","Su-27 fighter aircraft","destroyed","https://web.archive.org/web/20220227175728/https://i.postimg.cc/XYtMphyC/5h.png","2022-03-30",73,204,1,NA,2022-02-27
"224",NA,"Soviet Union","Su-27 fighter aircraft","destroyed","https://web.archive.org/web/20220227175728/https://i.postimg.cc/bN1TbkjC/46.png","2022-03-30",73,205,1,NA,2022-02-27
"225",NA,"Soviet Union","An-26 transport aircraft","destroyed","https://web.archive.org/web/20220227175728/https://i.postimg.cc/rmdB2PLQ/489.png","2022-03-30",40,206,1,NA,2022-02-27
"226",NA,"Ukraine","KrAZ-6322","destroyed","https://web.archive.org/web/20220227175728/https://i.postimg.cc/0QMkBhwk/Screenshot-8021.png","2022-03-30",74,207,1,NA,2022-02-27
"227",NA,"Ukraine","KrAZ-6322","captured","https://web.archive.org/web/20220227175728/https://postimg.cc/0zzW9YYS","2022-03-30",74,208,4,NA,2022-02-27
"228",NA,"Ukraine","KrAZ-6322","captured","https://web.archive.org/web/20220227175728/https://postimg.cc/G9jSKh34","2022-03-30",74,209,4,NA,2022-02-27
"229",NA,"Ukraine","KrAZ-6322","captured","https://web.archive.org/web/20220227175728/https://postimg.cc/v4CPT4hN","2022-03-30",74,210,4,NA,2022-02-27
"230",NA,"Ukraine","KrAZ-6322","captured","https://web.archive.org/web/20220227175728/https://postimg.cc/dLpRmzC7","2022-03-30",74,211,4,NA,2022-02-27
"231",NA,"Ukraine","KrAZ-6322","captured","https://web.archive.org/web/20220227175728/https://postimg.cc/jC9nGySm","2022-03-30",74,212,4,NA,2022-02-27
"232",NA,"Soviet Union","GAZ-66","destroyed","https://web.archive.org/web/20220227175728/https://postimg.cc/PP20VdH5","2022-03-30",43,213,1,NA,2022-02-27
"233",NA,"Soviet Union","GAZ-66","destroyed","https://web.archive.org/web/20220227175728/https://i.postimg.cc/hjdXLc6L/4f.png","2022-03-30",43,214,1,NA,2022-02-27
"234",NA,"Soviet Union","GAZ-66","damaged","https://web.archive.org/web/20220227175728/https://i.postimg.cc/gjhmvGsF/g3.png","2022-03-30",43,215,3,NA,2022-02-27
"235",NA,"Soviet Union","GAZ-66","damaged","https://web.archive.org/web/20220227175728/https://i.postimg.cc/YC0mqTkH/58.png","2022-03-30",43,216,3,NA,2022-02-27
"236",NA,"Soviet Union","GAZ-66","abandoned","https://web.archive.org/web/20220227175728/https://i.postimg.cc/YC0mqTkH/58.png","2022-03-30",43,216,2,NA,2022-02-27
"237",NA,"Soviet Union","GAZ-66","damaged","https://web.archive.org/web/20220227175728/https://i.postimg.cc/gj9TG17c/Screenshot-8228.png","2022-03-30",43,192,3,NA,2022-02-27
"238",NA,"Soviet Union","GAZ-66","abandoned","https://web.archive.org/web/20220227175728/https://i.postimg.cc/gj9TG17c/Screenshot-8228.png","2022-03-30",43,192,2,NA,2022-02-27
"239",NA,"Soviet Union","GAZ-66","abandoned","https://web.archive.org/web/20220227175728/https://i.postimg.cc/qvyKsBvd/Screenshot-8260.png","2022-03-30",43,217,2,NA,2022-02-27
"240",NA,"Soviet Union","GAZ-66","captured","https://web.archive.org/web/20220227175728/https://i.postimg.cc/9MGPZgQM/Screenshot-8017.png","2022-03-30",43,218,4,NA,2022-02-27
"241",NA,"Soviet Union","GAZ-66","captured","https://web.archive.org/web/20220227175728/https://i.postimg.cc/1RVZrFkD/Screenshot-8053.png","2022-03-30",43,219,4,NA,2022-02-27
"242",NA,"Soviet Union","GAZ-66","captured","https://web.archive.org/web/20220227175728/https://i.postimg.cc/jdz0Gbd5/Screenshot-8054.png","2022-03-30",43,220,4,NA,2022-02-27
"243",NA,"Soviet Union","ZiL-131","destroyed","https://web.archive.org/web/20220227175728/https://i.postimg.cc/t4mkVgHr/36.png","2022-03-30",75,221,1,NA,2022-02-27
"244",NA,"Soviet Union","ZiL-131","destroyed","https://web.archive.org/web/20220227175728/https://i.postimg.cc/kgPHnGM8/j8.png","2022-03-30",75,222,1,NA,2022-02-27
"245",NA,"Soviet Union","ZiL-131","destroyed","https://web.archive.org/web/20220227175728/https://i.postimg.cc/yxvN7tc3/69.png","2022-03-30",75,223,1,NA,2022-02-27
"246",NA,"Soviet Union","ZiL-131","abandoned","https://web.archive.org/web/20220227175728/https://i.postimg.cc/0j3LGCqH/Screenshot-8103.png","2022-03-30",75,224,2,NA,2022-02-27
"247",NA,"Soviet Union","Ural-375D","destroyed","https://web.archive.org/web/20220227175728/https://i.postimg.cc/3wXqjPj0/Screenshot-8077.png","2022-03-30",76,225,1,NA,2022-02-27
"248",NA,"Soviet Union","Ural-375D","captured","https://web.archive.org/web/20220227175728/https://i.postimg.cc/FKC8wRyc/Screenshot-8025.png","2022-03-30",76,226,4,NA,2022-02-27
"249",NA,"Soviet Union","Ural-4320","destroyed","https://web.archive.org/web/20220227175728/https://postimg.cc/yJNnspb7","2022-03-30",47,227,1,NA,2022-02-27
"250",NA,"Soviet Union","KamAZ","destroyed","https://web.archive.org/web/20220227175728/https://i.postimg.cc/6pr9sdqZ/Screenshot-8019.png","2022-03-30",77,228,1,NA,2022-02-27
"251",NA,"Soviet Union","MAZ-537","destroyed","https://web.archive.org/web/20220227175728/https://i.postimg.cc/25RJZzWf/Screenshot-8076.png","2022-03-30",78,229,1,NA,2022-02-27
"252",NA,"Belarus","MAZ","destroyed","https://web.archive.org/web/20220227175728/https://i.postimg.cc/nL8S357x/6h.png","2022-03-30",79,230,1,NA,2022-02-27
"253",NA,"Belarus","MAZ","destroyed","https://web.archive.org/web/20220227175728/https://i.postimg.cc/26dvvmgq/t12.png","2022-03-30",79,231,1,NA,2022-02-27
"254",NA,"Belarus","MAZ","destroyed","https://web.archive.org/web/20220227175728/https://i.postimg.cc/g25vbgv0/t11.png","2022-03-30",79,232,1,NA,2022-02-27
"255",NA,"Belarus","MAZ","damaged","https://web.archive.org/web/20220227175728/https://i.postimg.cc/9fRbHBdp/f3.png","2022-03-30",79,233,3,NA,2022-02-27
"256",NA,"Belarus","MAZ","abandoned","https://web.archive.org/web/20220227175728/https://i.postimg.cc/ZRVpWfKB/Screenshot-8260.png","2022-03-30",79,234,2,NA,2022-02-27
"257",NA,"Soviet Union","UAZ-469","captured","https://web.archive.org/web/20220227175728/https://i.postimg.cc/tgpMs65F/Screenshot-8026.png","2022-03-30",80,235,4,NA,2022-02-27
"258",NA,"Ukraine","Unknown truck","destroyed","https://web.archive.org/web/20220227175728/https://i.postimg.cc/vBdfY7td/Screenshot-8019.png","2022-03-30",81,236,1,NA,2022-02-27
"259",NA,"Ukraine","Unknown truck","destroyed","https://web.archive.org/web/20220227175728/https://i.postimg.cc/gj9TG17c/Screenshot-8228.png","2022-03-30",81,192,1,NA,2022-02-27
"260",NA,"Ukraine","Unknown truck","destroyed","https://web.archive.org/web/20220227175728/https://i.postimg.cc/jScSwHTb/Screenshot-8020.png","2022-03-30",81,237,1,NA,2022-02-27
"261",NA,"Ukraine","Unknown truck","abandoned","https://web.archive.org/web/20220227175728/https://i.postimg.cc/28tzT4wY/54.png","2022-03-30",81,238,2,NA,2022-02-27
"262",NA,"Ukraine","Unknown truck","captured","https://web.archive.org/web/20220227175728/https://i.postimg.cc/JnP8Cxr0/Screenshot-8249.png","2022-03-30",81,239,4,NA,2022-02-27
