"","country","origin","system","status","url","date_recorded","sysID","imageID","statusID","matID","Date"
"1",NA,"Soviet Union","T-72B","destroyed","https://web.archive.org/web/20220301185329/https://i.postimg.cc/PqJmywns/890.png","2022-03-30",1,1,1,NA,2022-03-01
"2",NA,"Soviet Union","T-72B","abandoned","https://web.archive.org/web/20220301185329/https://i.postimg.cc/1tvs3GFY/470.png","2022-03-30",1,2,2,NA,2022-03-01
"3",NA,"Soviet Union","T-72B","abandoned","https://web.archive.org/web/20220301185329/https://i.postimg.cc/sfLpFS54/4566.png","2022-03-30",1,3,2,NA,2022-03-01
"4",NA,"Soviet Union","T-72B","damaged","https://web.archive.org/web/20220301185329/https://i.postimg.cc/8zz8WcH7/763.png","2022-03-30",1,4,3,NA,2022-03-01
"5",NA,"Soviet Union","T-72B","abandoned","https://web.archive.org/web/20220301185329/https://i.postimg.cc/8zz8WcH7/763.png","2022-03-30",1,4,2,NA,2022-03-01
"6",NA,"Russia","T-72B Obr. 1989","abandoned","https://web.archive.org/web/20220301185329/https://i.postimg.cc/rsFyfrR7/h8.png","2022-03-30",2,5,2,NA,2022-03-01
"7",NA,"Russia","T-72B Obr. 1989","captured","https://web.archive.org/web/20220301185329/https://i.postimg.cc/NM8vPWBX/669.png","2022-03-30",2,6,4,NA,2022-03-01
"8",NA,"Russia","T-72B3","destroyed","https://web.archive.org/web/20220301185329/https://i.postimg.cc/Xqy5KYn3/55u.png","2022-03-30",3,7,1,NA,2022-03-01
"9",NA,"Russia","T-72B3","destroyed","https://web.archive.org/web/20220301185329/https://i.postimg.cc/9MgnjkFX/6hh.png","2022-03-30",3,8,1,NA,2022-03-01
"10",NA,"Russia","T-72B3","damaged","https://web.archive.org/web/20220301185329/https://i.postimg.cc/zfTsVnsF/579.png","2022-03-30",3,9,3,NA,2022-03-01
"11",NA,"Russia","T-72B3","captured","https://web.archive.org/web/20220301185329/https://i.postimg.cc/FzSnwdhF/j77.png","2022-03-30",3,10,4,NA,2022-03-01
"12",NA,"Russia","T-72B3M","destroyed","https://web.archive.org/web/20220301185329/https://i.postimg.cc/hGdX1BWT/346.png","2022-03-30",4,11,1,NA,2022-03-01
"13",NA,"Russia","T-72B3M","destroyed","https://web.archive.org/web/20220301185329/https://i.postimg.cc/ZnNgPmr9/3322.png","2022-03-30",4,12,1,NA,2022-03-01
"14",NA,"Russia","T-72B3M","destroyed","https://web.archive.org/web/20220301185329/https://i.postimg.cc/xCm0kLJ2/3325.png","2022-03-30",4,13,1,NA,2022-03-01
"15",NA,"Russia","T-72B3M","destroyed","https://web.archive.org/web/20220301185329/https://i.postimg.cc/3wMf8pTp/b7.png","2022-03-30",4,14,1,NA,2022-03-01
"16",NA,"Russia","T-72B3M","abandoned","https://web.archive.org/web/20220301185329/https://i.postimg.cc/c6ysfCQt/c9.png","2022-03-30",4,15,2,NA,2022-03-01
"17",NA,"Russia","T-72B3M","abandoned","https://web.archive.org/web/20220301185329/https://i.postimg.cc/prkfqWMs/b4.jpg","2022-03-30",4,16,2,NA,2022-03-01
"18",NA,"Russia","T-72B3M","abandoned","https://web.archive.org/web/20220301185329/https://i.postimg.cc/G3jxcQTv/b55.jpg","2022-03-30",4,17,2,NA,2022-03-01
"19",NA,"Russia","T-72B3M","abandoned","https://web.archive.org/web/20220301185329/https://i.postimg.cc/wjD6MWHq/ff47.png","2022-03-30",4,18,2,NA,2022-03-01
"20",NA,"Russia","T-72B3M","captured","https://web.archive.org/web/20220301185329/https://i.postimg.cc/Rhx51CZ2/7799.png","2022-03-30",4,19,4,NA,2022-03-01
"21",NA,"Russia","T-72B3M","captured","https://web.archive.org/web/20220301185329/https://i.postimg.cc/nr9T81zN/77644.png","2022-03-30",4,20,4,NA,2022-03-01
"22",NA,"Soviet Union","T-80BV","destroyed","https://web.archive.org/web/20220301185329/https://i.postimg.cc/fRTVS0Tt/7u5.png","2022-03-30",5,21,1,NA,2022-03-01
"23",NA,"Soviet Union","T-80BV","abandoned","https://web.archive.org/web/20220301185329/https://i.postimg.cc/fbx3fPBg/665f.jpg","2022-03-30",5,22,2,NA,2022-03-01
"24",NA,"Soviet Union","T-80BV","abandoned","https://web.archive.org/web/20220301185329/https://i.postimg.cc/X7GD7K2Y/h66.jpg","2022-03-30",5,23,2,NA,2022-03-01
"25",NA,"Soviet Union","T-80BV","captured","https://web.archive.org/web/20220301185329/https://i.postimg.cc/63bVWQwX/470.png","2022-03-30",5,24,4,NA,2022-03-01
"26",NA,"Soviet Union","T-80BV","captured","https://web.archive.org/web/20220301185329/https://i.postimg.cc/1zNj1Pjv/44355.png","2022-03-30",5,25,4,NA,2022-03-01
"27",NA,"Russia","T-80U","destroyed","https://web.archive.org/web/20220301185329/https://i.postimg.cc/NM9ys7Kt/c8.png","2022-03-30",6,26,1,NA,2022-03-01
"28",NA,"Russia","T-80U","abandoned","https://web.archive.org/web/20220301185329/https://i.postimg.cc/zBWcnK9S/n546.png","2022-03-30",6,27,2,NA,2022-03-01
"29",NA,"Russia","T-80U","destroyed","https://web.archive.org/web/20220301185329/https://i.postimg.cc/zBWcnK9S/n546.png","2022-03-30",6,27,1,NA,2022-03-01
"30",NA,"Russia","T-80U","abandoned","https://web.archive.org/web/20220301185329/https://i.postimg.cc/Bb1f2rCj/b8.jpg","2022-03-30",6,28,2,NA,2022-03-01
"31",NA,"Russia","T-80U","abandoned","https://web.archive.org/web/20220301185329/https://i.postimg.cc/8Ck7L8Zk/m88.png","2022-03-30",6,29,2,NA,2022-03-01
"32",NA,"Russia","T-80U","abandoned","https://web.archive.org/web/20220301185329/https://i.postimg.cc/L6bcSj1H/77633.png","2022-03-30",6,30,2,NA,2022-03-01
"33",NA,"Russia","T-80U","abandoned","https://web.archive.org/web/20220301185329/https://i.postimg.cc/Y0bvnMbC/l8.png","2022-03-30",6,31,2,NA,2022-03-01
"34",NA,"Russia","T-80U","abandoned","https://web.archive.org/web/20220301185329/https://i.postimg.cc/6pZrMGJj/5554.png","2022-03-30",6,32,2,NA,2022-03-01
"35",NA,"Russia","T-80U","abandoned","https://web.archive.org/web/20220301185329/https://i.postimg.cc/fT1zwVth/l2.png","2022-03-30",6,33,2,NA,2022-03-01
"36",NA,"Russia","T-80U","abandoned","https://web.archive.org/web/20220301185329/https://i.postimg.cc/Kjw2vWY5/l3.png","2022-03-30",6,34,2,NA,2022-03-01
"37",NA,"Russia","T-80U","captured","https://web.archive.org/web/20220301185329/https://i.postimg.cc/7LFzTNhH/5466.png","2022-03-30",6,35,4,NA,2022-03-01
"38",NA,"Russia","T-80U","captured","https://web.archive.org/web/20220301185329/https://i.postimg.cc/cJVPv63q/4432.png","2022-03-30",6,36,4,NA,2022-03-01
"39",NA,"Russia","T-80UD","abandoned","https://web.archive.org/web/20220301185329/https://i.postimg.cc/2Src3YPH/b67.png","2022-03-30",7,37,2,NA,2022-03-01
"40",NA,"Russia","T-80UD","destroyed","https://web.archive.org/web/20220301185329/https://i.postimg.cc/2Src3YPH/b67.png","2022-03-30",7,37,1,NA,2022-03-01
"41",NA,"Russia","T-80UD","captured","https://web.archive.org/web/20220301185329/https://i.postimg.cc/wvpsxc0S/33555.png","2022-03-30",7,38,4,NA,2022-03-01
"42",NA,"Russia","T-80BVM","destroyed","https://web.archive.org/web/20220301185329/https://i.postimg.cc/2y474krg/336.png","2022-03-30",8,39,1,NA,2022-03-01
"43",NA,"Russia","T-90A","destroyed","https://web.archive.org/web/20220301185329/https://i.postimg.cc/R0vMN6Q3/546.png","2022-03-30",9,40,1,NA,2022-03-01
"44",NA,"Russia","T-90A","destroyed","https://web.archive.org/web/20220301185329/https://i.postimg.cc/nM8jX4k8/5422.png","2022-03-30",9,41,1,NA,2022-03-01
"45",NA,"Russia","T-90A","abandoned","https://web.archive.org/web/20220301185329/https://i.postimg.cc/GtnT2PKW/Screenshot-8353.png","2022-03-30",9,42,2,NA,2022-03-01
"46",NA,"Russia","T-90A","abandoned","https://web.archive.org/web/20220301185329/https://i.postimg.cc/g2mHhvzp/901.png","2022-03-30",9,43,2,NA,2022-03-01
"47",NA,"Russia","T-90A","abandoned","https://web.archive.org/web/20220301185329/https://i.postimg.cc/Zq03PHXG/902.jpg","2022-03-30",9,44,2,NA,2022-03-01
"48",NA,"Soviet Union","BRM-1K","destroyed","https://web.archive.org/web/20220301185329/https://postimg.cc/bGSbfRQm","2022-03-30",10,45,1,NA,2022-03-01
"49",NA,"Soviet Union","BMP-1Khs","abandoned","https://web.archive.org/web/20220301185329/https://i.postimg.cc/6qdwks4D/n7.jpg","2022-03-30",11,46,2,NA,2022-03-01
"50",NA,"Soviet Union","MT-LB","destroyed","https://web.archive.org/web/20220301185329/https://i.postimg.cc/2SJG2hyJ/9po.png","2022-03-30",12,47,1,NA,2022-03-01
"51",NA,"Soviet Union","MT-LB","destroyed","https://web.archive.org/web/20220301185329/https://i.postimg.cc/0QPGdgX4/6658.png","2022-03-30",12,48,1,NA,2022-03-01
"52",NA,"Soviet Union","MT-LB","destroyed","https://web.archive.org/web/20220301185329/https://i.postimg.cc/XvpJbF2W/k9.png","2022-03-30",12,49,1,NA,2022-03-01
"53",NA,"Soviet Union","MT-LB","destroyed","https://web.archive.org/web/20220301185329/https://i.postimg.cc/52P7zGLB/654.png","2022-03-30",12,50,1,NA,2022-03-01
"54",NA,"Soviet Union","MT-LB","destroyed","https://web.archive.org/web/20220301185329/https://i.postimg.cc/D0fPPSmY/658.png","2022-03-30",12,51,1,NA,2022-03-01
"55",NA,"Soviet Union","MT-LB","abandoned","https://web.archive.org/web/20220301185329/https://i.postimg.cc/GpG26n3R/446.png","2022-03-30",12,52,2,NA,2022-03-01
"56",NA,"Soviet Union","MT-LB","abandoned","https://web.archive.org/web/20220301185329/https://i.postimg.cc/522wW2TJ/h6.png","2022-03-30",12,53,2,NA,2022-03-01
"57",NA,"Soviet Union","MT-LB","captured","https://web.archive.org/web/20220301185329/https://i.postimg.cc/P5M1XV5z/58.png","2022-03-30",12,54,4,NA,2022-03-01
"58",NA,"Soviet Union","MT-LB","captured","https://web.archive.org/web/20220301185329/https://i.postimg.cc/hjqg1p15/680.png","2022-03-30",12,55,4,NA,2022-03-01
"59",NA,"Soviet Union","MT-LB","captured","https://web.archive.org/web/20220301185329/https://i.postimg.cc/R0zbsmLL/6659.png","2022-03-30",12,56,4,NA,2022-03-01
"60",NA,"Soviet Union","MT-LB","captured","https://web.archive.org/web/20220301185329/https://i.postimg.cc/MGBV9R2s/4fs.png","2022-03-30",12,57,4,NA,2022-03-01
"61",NA,"Soviet Union","MT-LB","captured","https://web.archive.org/web/20220301185329/https://i.postimg.cc/1tVLvyy0/764.png","2022-03-30",12,58,4,NA,2022-03-01
"62",NA,"Soviet Union","MT-LB","captured","https://web.archive.org/web/20220301185329/https://i.postimg.cc/zBSQCqs2/b5.png","2022-03-30",12,59,4,NA,2022-03-01
"63",NA,"Soviet Union","MT-LB","captured","https://web.archive.org/web/20220301185329/https://i.postimg.cc/BbNYQPQc/hh6.png","2022-03-30",12,60,4,NA,2022-03-01
"64",NA,"Soviet Union","MT-LB","captured","https://web.archive.org/web/20220301185329/https://i.postimg.cc/sx950sSB/Screenshot-8457.png","2022-03-30",12,61,4,NA,2022-03-01
"65",NA,"Soviet Union","MT-LB with ZU-23 AA gun","destroyed","https://web.archive.org/web/20220301185329/https://postimg.cc/kVDPCNz0","2022-03-30",13,62,1,NA,2022-03-01
"66",NA,"Soviet Union","MT-LBu","destroyed","https://web.archive.org/web/20220301185329/https://i.postimg.cc/NfqgFR94/h65.png","2022-03-30",14,63,1,NA,2022-03-01
"67",NA,"Soviet Union","MT-LBu","abandoned","https://web.archive.org/web/20220301185329/https://i.postimg.cc/fTrQXZpK/g2.jpg","2022-03-30",14,64,2,NA,2022-03-01
"68",NA,"Soviet Union","MT-LBu","abandoned","https://web.archive.org/web/20220301185329/https://i.postimg.cc/gc14s4Fb/a2.png","2022-03-30",14,65,2,NA,2022-03-01
"69",NA,"Soviet Union","MT-LBu","abandoned","https://web.archive.org/web/20220301185329/https://i.postimg.cc/sgntV80G/44fss.png","2022-03-30",14,66,2,NA,2022-03-01
"70",NA,"Soviet Union","MT-LBu","captured","https://web.archive.org/web/20220301185329/https://i.postimg.cc/pV5ZRVDR/5548.png","2022-03-30",14,67,4,NA,2022-03-01
"71",NA,"Soviet Union","1V13 battery fire control center","abandoned","https://web.archive.org/web/20220301185329/https://i.postimg.cc/CxMBs7WF/436.png","2022-03-30",15,68,2,NA,2022-03-01
"72",NA,"Soviet Union","2S1 Gvozdika with ZU-23 AA gun","captured","https://web.archive.org/web/20220301185329/https://i.postimg.cc/Yq5q4HcW/88kj.png","2022-03-30",16,69,4,NA,2022-03-01
"73",NA,"Soviet Union","9P149 Shturm-S ATGM carrier","destroyed","https://web.archive.org/web/20220301185329/https://i.postimg.cc/FKPZs7Ws/874.png","2022-03-30",17,70,1,NA,2022-03-01
"74",NA,"Russia","R-149MA1 unified command and staff vehicle","destroyed","https://web.archive.org/web/20220301185329/https://i.postimg.cc/gjrp8521/553.jpg","2022-03-30",18,71,1,NA,2022-03-01
"75",NA,"Russia","R-149MA1 unified command and staff vehicle","abandoned","https://web.archive.org/web/20220301185329/https://i.postimg.cc/TY9CCkH1/h6n.jpg","2022-03-30",18,72,2,NA,2022-03-01
"76",NA,"Russia","R-149MA1 unified command and staff vehicle","captured","https://web.archive.org/web/20220301185329/https://i.postimg.cc/hG5hhQJp/59.png","2022-03-30",18,73,4,NA,2022-03-01
"77",NA,"Russia","R-149MA1 unified command and staff vehicle","captured","https://web.archive.org/web/20220301185329/https://i.postimg.cc/kgBKhrFT/884.png","2022-03-30",18,74,4,NA,2022-03-01
"78",NA,"Soviet Union","Unknown BTR-D/BMD-2","destroyed","https://web.archive.org/web/20220301185329/https://i.postimg.cc/FzfBpQX5/br1.jpg","2022-03-30",19,75,1,NA,2022-03-01
"79",NA,"Soviet Union","Unknown BTR-D/BMD-2","destroyed","https://web.archive.org/web/20220301185329/https://i.postimg.cc/kM6Cw0cg/br2.jpg","2022-03-30",19,76,1,NA,2022-03-01
"80",NA,"Soviet Union","Unknown BTR-D/BMD-2","destroyed","https://web.archive.org/web/20220301185329/https://i.postimg.cc/d31jmRdh/77690.jpg","2022-03-30",19,77,1,NA,2022-03-01
"81",NA,"Soviet Union","Unknown BTR-D/BMD-2","destroyed","https://web.archive.org/web/20220301185329/https://i.postimg.cc/KvqgC9sz/o9.png","2022-03-30",19,78,1,NA,2022-03-01
"82",NA,"Soviet Union","Unknown BTR-D/BMD-2","destroyed","https://web.archive.org/web/20220301185329/https://i.postimg.cc/9FMZcjhj/c7.png","2022-03-30",19,79,1,NA,2022-03-01
"83",NA,"Soviet Union","Unknown BTR-D/BMD-2","destroyed","https://web.archive.org/web/20220301185329/https://i.postimg.cc/QdK7WkC4/c6.png","2022-03-30",19,80,1,NA,2022-03-01
"84",NA,"Russia","Unknown AFV","destroyed","https://web.archive.org/web/20220301185329/https://i.postimg.cc/Fs4CpZw6/665h.png","2022-03-30",20,81,1,NA,2022-03-01
"85",NA,"Soviet Union","BMP-1P","captured","https://web.archive.org/web/20220301185329/https://i.postimg.cc/02K6dR7P/ff4k.png","2022-03-30",21,82,4,NA,2022-03-01
"86",NA,"Soviet Union","BMP-2","destroyed","https://web.archive.org/web/20220301185329/https://i.postimg.cc/RCtc2sB0/554.png","2022-03-30",22,83,1,NA,2022-03-01
"87",NA,"Soviet Union","BMP-2","destroyed","https://web.archive.org/web/20220301185329/https://i.postimg.cc/26qYmmgL/668.png","2022-03-30",22,84,1,NA,2022-03-01
"88",NA,"Soviet Union","BMP-2","destroyed","https://web.archive.org/web/20220301185329/https://i.postimg.cc/43mvcd15/b1.png","2022-03-30",22,85,1,NA,2022-03-01
"89",NA,"Soviet Union","BMP-2","destroyed","https://web.archive.org/web/20220301185329/https://i.postimg.cc/NMX1NzS2/b2.png","2022-03-30",22,86,1,NA,2022-03-01
"90",NA,"Soviet Union","BMP-2","destroyed","https://web.archive.org/web/20220301185329/https://i.postimg.cc/7Z1483JC/4433.png","2022-03-30",22,87,1,NA,2022-03-01
"91",NA,"Soviet Union","BMP-2","destroyed","https://web.archive.org/web/20220301185329/https://i.postimg.cc/vHXP8qy9/65.png","2022-03-30",22,88,1,NA,2022-03-01
"92",NA,"Soviet Union","BMP-2","damaged","https://web.archive.org/web/20220301185329/https://i.postimg.cc/vBy9TRg0/77699.png","2022-03-30",22,89,3,NA,2022-03-01
"93",NA,"Soviet Union","BMP-2","abandoned","https://web.archive.org/web/20220301185329/https://i.postimg.cc/vBy9TRg0/77699.png","2022-03-30",22,89,2,NA,2022-03-01
"94",NA,"Soviet Union","BMP-2","damaged","https://web.archive.org/web/20220301185329/https://i.postimg.cc/XYyYKfsy/Screenshot-8236.png","2022-03-30",22,90,3,NA,2022-03-01
"95",NA,"Soviet Union","BMP-2","abandoned","https://web.archive.org/web/20220301185329/https://i.postimg.cc/XYyYKfsy/Screenshot-8236.png","2022-03-30",22,90,2,NA,2022-03-01
"96",NA,"Soviet Union","BMP-2","damaged","https://web.archive.org/web/20220301185329/https://i.postimg.cc/2jX5hmCS/u1.jpg","2022-03-30",22,91,3,NA,2022-03-01
"97",NA,"Soviet Union","BMP-2","abandoned","https://web.archive.org/web/20220301185329/https://i.postimg.cc/2jX5hmCS/u1.jpg","2022-03-30",22,91,2,NA,2022-03-01
"98",NA,"Soviet Union","BMP-2","abandoned","https://web.archive.org/web/20220301185329/https://i.postimg.cc/5NY2mGtq/u2.jpg","2022-03-30",22,92,2,NA,2022-03-01
"99",NA,"Soviet Union","BMP-2","abandoned","https://web.archive.org/web/20220301185329/https://i.postimg.cc/BQzv1YB0/Screenshot-8238.png","2022-03-30",22,93,2,NA,2022-03-01
"100",NA,"Soviet Union","BMP-2","abandoned","https://web.archive.org/web/20220301185329/https://i.postimg.cc/tJM8dQNL/h77.png","2022-03-30",22,94,2,NA,2022-03-01
"101",NA,"Soviet Union","BMP-2","abandoned","https://web.archive.org/web/20220301185329/https://i.postimg.cc/zBg2tRx0/436.png","2022-03-30",22,95,2,NA,2022-03-01
"102",NA,"Soviet Union","BMP-2","abandoned","https://web.archive.org/web/20220301185329/https://i.postimg.cc/MGgQyPNn/ff22.png","2022-03-30",22,96,2,NA,2022-03-01
"103",NA,"Soviet Union","BMP-2","damaged","https://web.archive.org/web/20220301185329/https://i.postimg.cc/RhxT6Pz9/663.png","2022-03-30",22,97,3,NA,2022-03-01
"104",NA,"Soviet Union","BMP-2","captured","https://web.archive.org/web/20220301185329/https://i.postimg.cc/RhxT6Pz9/663.png","2022-03-30",22,97,4,NA,2022-03-01
"105",NA,"Soviet Union","BMP-2","captured","https://web.archive.org/web/20220301185329/https://i.postimg.cc/T1HJcX0f/776.png","2022-03-30",22,98,4,NA,2022-03-01
"106",NA,"Soviet Union","BMP-2","captured","https://web.archive.org/web/20220301185329/https://i.postimg.cc/QtN7DcKC/559.png","2022-03-30",22,99,4,NA,2022-03-01
"107",NA,"Soviet Union","BMP-2","captured","https://web.archive.org/web/20220301185329/https://i.postimg.cc/Zn38wp9q/680.png","2022-03-30",22,100,4,NA,2022-03-01
"108",NA,"Russia","BMP-3","abandoned","https://web.archive.org/web/20220301185329/https://i.postimg.cc/RCbVXLw4/3344.png","2022-03-30",23,101,2,NA,2022-03-01
"109",NA,"Russia","BMP-3","abandoned","https://web.archive.org/web/20220301185329/https://i.postimg.cc/C1xS4R1R/332222.png","2022-03-30",23,102,2,NA,2022-03-01
"110",NA,"Russia","BMP-3","captured","https://web.archive.org/web/20220301185329/https://i.postimg.cc/gc3DsCqV/Screenshot-8343.png","2022-03-30",23,103,4,NA,2022-03-01
"111",NA,"Russia","BMP-3","captured","https://web.archive.org/web/20220301185329/https://i.postimg.cc/yYBTbLvw/Screenshot-8345.png","2022-03-30",23,104,4,NA,2022-03-01
"112",NA,"Soviet Union","BMD-2","destroyed","https://web.archive.org/web/20220301185329/https://i.postimg.cc/QtD182qg/tt6.jpg","2022-03-30",24,105,1,NA,2022-03-01
"113",NA,"Soviet Union","BMD-2","damaged","https://web.archive.org/web/20220301185329/https://i.postimg.cc/hvdB25Hw/j2.jpg","2022-03-30",24,106,3,NA,2022-03-01
"114",NA,"Soviet Union","BMD-2","abandoned","https://web.archive.org/web/20220301185329/https://i.postimg.cc/hvdB25Hw/j2.jpg","2022-03-30",24,106,2,NA,2022-03-01
"115",NA,"Soviet Union","BMD-2","abandoned","https://web.archive.org/web/20220301185329/https://i.postimg.cc/xjLsrGfV/79.png","2022-03-30",24,107,2,NA,2022-03-01
"116",NA,"Soviet Union","BMD-2","abandoned","https://web.archive.org/web/20220301185329/https://i.postimg.cc/W4N1CS83/v1.png","2022-03-30",24,108,2,NA,2022-03-01
"117",NA,"Soviet Union","BMD-2","abandoned","https://web.archive.org/web/20220301185329/https://i.postimg.cc/R0G3QWB8/g6.jpg","2022-03-30",24,109,2,NA,2022-03-01
"118",NA,"Soviet Union","BMD-2","abandoned","https://web.archive.org/web/20220301185329/https://i.postimg.cc/yxkdsj2X/8879.jpg","2022-03-30",24,110,2,NA,2022-03-01
"119",NA,"Soviet Union","BMD-2","damaged","https://web.archive.org/web/20220301185329/https://i.postimg.cc/MTmVp6Hz/c5.png","2022-03-30",24,111,3,NA,2022-03-01
"120",NA,"Soviet Union","BMD-2","captured","https://web.archive.org/web/20220301185329/https://i.postimg.cc/MTmVp6Hz/c5.png","2022-03-30",24,111,4,NA,2022-03-01
"121",NA,"Soviet Union","BMD-2","captured","https://web.archive.org/web/20220301185329/https://i.postimg.cc/rssnsRcT/5799.png","2022-03-30",24,112,4,NA,2022-03-01
"122",NA,"Soviet Union","BMD-2","captured","https://web.archive.org/web/20220301185329/https://i.postimg.cc/bJrQTfV9/874.png","2022-03-30",24,113,4,NA,2022-03-01
"123",NA,"Russia","BMD-4M","destroyed","https://web.archive.org/web/20220301185329/https://i.postimg.cc/gjmtWttx/548.png","2022-03-30",25,114,1,NA,2022-03-01
"124",NA,"Russia","BMD-4M","abandoned","https://i.postimg.cc/MZy05BrN/674.png","2022-03-30",25,115,2,NA,2022-03-01
"125",NA,"Russia","BTR-82A","destroyed","https://web.archive.org/web/20220301185329/https://i.postimg.cc/85gFCPXs/bb1.png","2022-03-30",26,116,1,NA,2022-03-01
"126",NA,"Russia","BTR-82A","destroyed","https://web.archive.org/web/20220301185329/https://i.postimg.cc/kXQV46L8/gg5.jpg","2022-03-30",26,117,1,NA,2022-03-01
"127",NA,"Russia","BTR-82A","destroyed","https://web.archive.org/web/20220301185329/https://i.postimg.cc/fLfVC59M/o9.png","2022-03-30",26,118,1,NA,2022-03-01
"128",NA,"Russia","BTR-82A","destroyed","https://web.archive.org/web/20220301185329/https://i.postimg.cc/T2mBfj1J/3rr.png","2022-03-30",26,119,1,NA,2022-03-01
"129",NA,"Russia","BTR-82A","abandoned","https://web.archive.org/web/20220301185329/https://i.postimg.cc/J01GbYLL/bb2.png","2022-03-30",26,120,2,NA,2022-03-01
"130",NA,"Russia","BTR-82A","abandoned","https://web.archive.org/web/20220301185329/https://i.postimg.cc/bJDw1Gdq/46.png","2022-03-30",26,121,2,NA,2022-03-01
"131",NA,"Russia","BTR-82A","abandoned","https://web.archive.org/web/20220301185329/https://i.postimg.cc/Kc32fSfv/6658.png","2022-03-30",26,122,2,NA,2022-03-01
"132",NA,"Russia","BTR-82A","abandoned","https://web.archive.org/web/20220301185329/https://i.postimg.cc/25DqyNfS/55448.png","2022-03-30",26,123,2,NA,2022-03-01
"133",NA,"Russia","BTR-82A","damaged","https://web.archive.org/web/20220301185329/https://i.postimg.cc/j5kxgNCW/g66.jpg","2022-03-30",26,124,3,NA,2022-03-01
"134",NA,"Russia","BTR-82A","abandoned","https://web.archive.org/web/20220301185329/https://i.postimg.cc/j5kxgNCW/g66.jpg","2022-03-30",26,124,2,NA,2022-03-01
"135",NA,"Russia","BTR-82A","damaged","https://web.archive.org/web/20220301185329/https://i.postimg.cc/BbS69p4N/66588.png","2022-03-30",26,125,3,NA,2022-03-01
"136",NA,"Russia","BTR-82A","captured","https://web.archive.org/web/20220301185329/https://i.postimg.cc/BbS69p4N/66588.png","2022-03-30",26,125,4,NA,2022-03-01
"137",NA,"Russia","BTR-82A","captured","https://web.archive.org/web/20220301185329/https://i.postimg.cc/vmkFs4Bx/4437.png","2022-03-30",26,126,4,NA,2022-03-01
"138",NA,"Russia","BTR-82A","captured","https://web.archive.org/web/20220301185329/https://i.postimg.cc/jdHxdgRs/44f.png","2022-03-30",26,127,4,NA,2022-03-01
"139",NA,"Soviet Union","BTR-80","destroyed","https://web.archive.org/web/20220301185329/https://i.postimg.cc/Dwp3QN7Q/Screenshot-8275.png","2022-03-30",27,128,1,NA,2022-03-01
"140",NA,"Soviet Union","BTR-80","destroyed","https://web.archive.org/web/20220301185329/https://i.postimg.cc/nzTPBQHM/n1.png","2022-03-30",27,129,1,NA,2022-03-01
"141",NA,"Soviet Union","BTR-80","captured","https://web.archive.org/web/20220301185329/https://i.postimg.cc/cJCm25Z1/n2.png","2022-03-30",27,130,4,NA,2022-03-01
"142",NA,"Soviet Union","BTR-D","destroyed","https://web.archive.org/web/20220301185329/https://i.postimg.cc/J4crJP7d/46.png","2022-03-30",28,131,1,NA,2022-03-01
"143",NA,"Soviet Union","BTR-D","destroyed","https://web.archive.org/web/20220301185329/https://i.postimg.cc/T2VG5ZJL/x3.jpg","2022-03-30",28,132,1,NA,2022-03-01
"144",NA,"Soviet Union","BTR-D","destroyed","https://web.archive.org/web/20220301185329/https://i.postimg.cc/hvBB3rct/x2.jpg","2022-03-30",28,133,1,NA,2022-03-01
"145",NA,"Soviet Union","BTR-D","destroyed","https://web.archive.org/web/20220301185329/https://i.postimg.cc/kgBKhrFT/884.png","2022-03-30",28,74,1,NA,2022-03-01
"146",NA,"Soviet Union","BTR-D","abandoned","https://web.archive.org/web/20220301185329/https://i.postimg.cc/W3rVnKRy/x1.jpg","2022-03-30",28,134,2,NA,2022-03-01
"147",NA,"Soviet Union","BTR-D","abandoned","https://web.archive.org/web/20220301185329/https://i.postimg.cc/nzH4n8F8/6659.jpg","2022-03-30",28,135,2,NA,2022-03-01
"148",NA,"Soviet Union","BTR-D","abandoned","https://web.archive.org/web/20220301185329/https://i.postimg.cc/cHHvDd1J/g7.jpg","2022-03-30",28,136,2,NA,2022-03-01
"149",NA,"Soviet Union","BTR-D","abandoned","https://web.archive.org/web/20220301185329/https://i.postimg.cc/Y9V7fHyY/j1.jpg","2022-03-30",28,137,2,NA,2022-03-01
"150",NA,"Soviet Union","BTR-D","abandoned","https://web.archive.org/web/20220301185329/https://i.postimg.cc/Vk3585Qr/547.png","2022-03-30",28,138,2,NA,2022-03-01
"151",NA,"Soviet Union","BTR-D","captured","https://web.archive.org/web/20220301185329/https://i.postimg.cc/bN80m24w/6688.png","2022-03-30",28,139,4,NA,2022-03-01
"152",NA,"Russia","KamAZ-63968 Typhoon","destroyed","https://web.archive.org/web/20220301185329/https://i.postimg.cc/T2Sqz4Dw/h7.png","2022-03-30",29,140,1,NA,2022-03-01
"153",NA,"Russia","KamAZ-63968 Typhoon","captured","https://web.archive.org/web/20220301185329/https://postlmg.cc/sGfMhkCN","2022-03-30",29,141,4,NA,2022-03-01
"154",NA,"Russia","KamAZ-63968 Typhoon","captured","https://web.archive.org/web/20220301185329/https://i.postimg.cc/8c2xJRvB/570.png","2022-03-30",29,142,4,NA,2022-03-01
"155",NA,"Russia","GAZ Tigr-M","destroyed","https://web.archive.org/web/20220301185329/https://i.postimg.cc/W1VpzFcv/5578.png","2022-03-30",30,143,1,NA,2022-03-01
"156",NA,"Russia","GAZ Tigr-M","destroyed","https://web.archive.org/web/20220301185329/https://postimg.cc/f3bh0QRp","2022-03-30",30,144,1,NA,2022-03-01
"157",NA,"Russia","GAZ Tigr-M","destroyed","https://web.archive.org/web/20220301185329/https://i.postimg.cc/RFjRh5VD/776d.png","2022-03-30",30,145,1,NA,2022-03-01
"158",NA,"Russia","GAZ Tigr-M","destroyed","https://web.archive.org/web/20220301185329/https://postimg.cc/jnsX0hVw","2022-03-30",30,146,1,NA,2022-03-01
"159",NA,"Russia","GAZ Tigr-M","destroyed","https://web.archive.org/web/20220301185329/https://i.postimg.cc/26Q08q6c/m9.png","2022-03-30",30,147,1,NA,2022-03-01
"160",NA,"Russia","GAZ Tigr-M","destroyed","https://web.archive.org/web/20220301185329/https://i.postimg.cc/XYsxrSnW/Screenshot-8293.png","2022-03-30",30,148,1,NA,2022-03-01
"161",NA,"Russia","GAZ Tigr-M","destroyed","https://web.archive.org/web/20220301185329/https://i.postimg.cc/pVGgCB1P/449.png","2022-03-30",30,149,1,NA,2022-03-01
"162",NA,"Russia","GAZ Tigr-M","destroyed","https://web.archive.org/web/20220301185329/https://i.postimg.cc/5trrQyZ5/435.png","2022-03-30",30,150,1,NA,2022-03-01
"163",NA,"Russia","GAZ Tigr-M","destroyed","https://web.archive.org/web/20220301185329/https://i.postimg.cc/7YDqZt1H/4435.png","2022-03-30",30,151,1,NA,2022-03-01
"164",NA,"Russia","GAZ Tigr-M","damaged","https://web.archive.org/web/20220301185329/https://i.postimg.cc/ZKDrDbck/85.png","2022-03-30",30,152,3,NA,2022-03-01
"165",NA,"Russia","GAZ Tigr-M","abandoned","https://web.archive.org/web/20220301185329/https://postimg.cc/KKD3Shmf","2022-03-30",30,153,2,NA,2022-03-01
"166",NA,"Russia","GAZ Tigr-M","captured","https://web.archive.org/web/20220301185329/https://i.postimg.cc/JzBRKYtc/5j.png","2022-03-30",30,154,4,NA,2022-03-01
"167",NA,"Russia","GAZ Tigr-M","captured","https://web.archive.org/web/20220301185329/https://i.postimg.cc/dVQxVhc7/58p.png","2022-03-30",30,155,4,NA,2022-03-01
"168",NA,"Russia","GAZ Tigr-M","captured","https://web.archive.org/web/20220301185329/https://i.postimg.cc/BbVkvq1j/450.png","2022-03-30",30,156,4,NA,2022-03-01
"169",NA,"Russia","GAZ Tigr-M","captured","https://web.archive.org/web/20220301185329/https://i.postimg.cc/fyL1Z3k4/448.png","2022-03-30",30,157,4,NA,2022-03-01
"170",NA,"Russia","GAZ Tigr-M","captured","https://web.archive.org/web/20220301185329/https://i.postimg.cc/X7HWmbHB/7762.png","2022-03-30",30,158,4,NA,2022-03-01
"171",NA,"Russia","GAZ Tigr-M with Arbalet-DM turret","destroyed","https://web.archive.org/web/20220301185329/https://i.postimg.cc/d3jBDjhh/Screenshot-8448.png","2022-03-30",31,159,1,NA,2022-03-01
"172",NA,"Russia","Iveco LMV 'Rys'","destroyed","https://web.archive.org/web/20220301185329/https://i.postimg.cc/TPmCH0KS/ff2.png","2022-03-30",32,160,1,NA,2022-03-01
"173",NA,"Russia","Iveco LMV 'Rys'","destroyed","https://web.archive.org/web/20220301185329/https://i.postimg.cc/fyNCwrR4/Screenshot-8447.png","2022-03-30",32,161,1,NA,2022-03-01
"174",NA,"Russia","Iveco LMV 'Rys'","abandoned","https://web.archive.org/web/20220301185329/https://i.postimg.cc/sDCqXTNg/Screenshot-8445.png","2022-03-30",32,162,2,NA,2022-03-01
"175",NA,"Russia","Iveco LMV 'Rys'","captured","https://web.archive.org/web/20220301185329/https://i.postimg.cc/C5gfTFhF/680o.png","2022-03-30",32,163,4,NA,2022-03-01
"176",NA,"Russia","R-419L1 communications station","abandoned","https://web.archive.org/web/20220301185329/https://i.postimg.cc/HWF2jVg6/5588.png","2022-03-30",33,164,2,NA,2022-03-01
"177",NA,"Russia","Unknown communications station based on the KamAZ 6x6","damaged","https://web.archive.org/web/20220301185329/https://i.postimg.cc/DfxxKLnD/84.png","2022-03-30",34,165,3,NA,2022-03-01
"178",NA,"Russia","Unknown communications station based on the KamAZ 6x6","captured","https://web.archive.org/web/20220301185329/https://i.postimg.cc/DfxxKLnD/84.png","2022-03-30",34,165,4,NA,2022-03-01
"179",NA,"Russia","Unknown communications station","destroyed","https://web.archive.org/web/20220301185329/https://i.postimg.cc/43B99JVP/57.png","2022-03-30",35,166,1,NA,2022-03-01
"180",NA,"Soviet Union","UR-77 'Meterorit'","abandoned","https://web.archive.org/web/20220301185329/https://i.postimg.cc/rppvJs6P/jj.jpg","2022-03-30",36,167,2,NA,2022-03-01
"181",NA,"Soviet Union","BREM-K armoured recovery vehicle","captured","https://web.archive.org/web/20220301185329/https://i.postimg.cc/mkmwnq7g/760.png","2022-03-30",37,168,4,NA,2022-03-01
"182",NA,"Soviet Union","IMR-2 combat engineering vehicle","destroyed","https://web.archive.org/web/20220301185329/https://i.postimg.cc/xdbysNZ7/5548.png","2022-03-30",38,169,1,NA,2022-03-01
"183",NA,"Soviet Union","TMM-3 bridge layer","destroyed","https://web.archive.org/web/20220301185329/https://i.postimg.cc/HxVW1CCJ/Screenshot-8212.png","2022-03-30",39,170,1,NA,2022-03-01
"184",NA,"Soviet Union","TMM-3 bridge layer","damaged","https://web.archive.org/web/20220301185329/https://i.postimg.cc/85dm6pjK/44565.png","2022-03-30",39,171,3,NA,2022-03-01
"185",NA,"Soviet Union","TMM-3 bridge layer","captured","https://web.archive.org/web/20220301185329/https://i.postimg.cc/85dm6pjK/44565.png","2022-03-30",39,171,4,NA,2022-03-01
"186",NA,"Soviet Union","TMM-3 bridge layer","captured","https://web.archive.org/web/20220301185329/https://i.postimg.cc/FRhY7mzP/75.png","2022-03-30",39,172,4,NA,2022-03-01
"187",NA,"Soviet Union","TMM-3 bridge layer","captured","https://web.archive.org/web/20220301185329/https://i.postimg.cc/X7wjb8tg/Screenshot-8214.png","2022-03-30",39,173,4,NA,2022-03-01
"188",NA,"Soviet Union","TMM-3 bridge layer","captured","https://web.archive.org/web/20220301185329/https://i.postimg.cc/Y0Fpjf0M/Screenshot-8216.png","2022-03-30",39,174,4,NA,2022-03-01
"189",NA,"Soviet Union","TMM-3 bridge layer","captured","https://web.archive.org/web/20220301185329/https://i.postimg.cc/FHN9sS4X/Screenshot-8217.png","2022-03-30",39,175,4,NA,2022-03-01
"190",NA,"Soviet Union","PMP floating bridge","destroyed","https://web.archive.org/web/20220301185329/https://i.postimg.cc/2SK7crq5/4g.png","2022-03-30",40,176,1,NA,2022-03-01
"191",NA,"Russia","KamAZ-5350 with EOV-3523 excavator","captured","https://web.archive.org/web/20220301185329/https://i.postimg.cc/bvhJB8xz/774.png","2022-03-30",41,177,4,NA,2022-03-01
"192",NA,"Russia","KamAZ-5350 with EOV-3523 excavator","captured","https://web.archive.org/web/20220301185329/https://i.postimg.cc/dQZQWvBp/Screenshot-8218.png","2022-03-30",41,178,4,NA,2022-03-01
"193",NA,"Russia","KamAZ-5350 with EOV-3523 excavator","captured","https://web.archive.org/web/20220301185329/https://i.postimg.cc/T30TyPdL/Screenshot-8219.png","2022-03-30",41,179,4,NA,2022-03-01
"194",NA,"Russia","KamAZ-5350 with crane","destroyed","https://web.archive.org/web/20220301185329/https://i.postimg.cc/zXtR3QK8/744.png","2022-03-30",42,180,1,NA,2022-03-01
"195",NA,"Russia","Ural-4320 Wrecker","damaged","https://web.archive.org/web/20220301185329/https://i.postimg.cc/SsQHDVNQ/5579.png","2022-03-30",43,181,3,NA,2022-03-01
"196",NA,"Russia","Ural-4320 Wrecker","captured","https://web.archive.org/web/20220301185329/https://i.postimg.cc/SsQHDVNQ/5579.png","2022-03-30",43,181,4,NA,2022-03-01
"197",NA,"Soviet Union","9M113 Konkurs","captured","https://web.archive.org/web/20220301185329/https://i.postimg.cc/1RfB2NxM/347.png","2022-03-30",44,182,4,NA,2022-03-01
"198",NA,"Soviet Union","9M113 Konkurs","captured","https://web.archive.org/web/20220301185329/https://i.postimg.cc/W4N1CS83/v1.png","2022-03-30",44,108,4,NA,2022-03-01
"199",NA,"Soviet Union","9M113 Konkurs","captured","https://web.archive.org/web/20220301185329/https://i.postimg.cc/bJrQTfV9/874.png","2022-03-30",44,113,4,NA,2022-03-01
"200",NA,"Soviet Union","9М131F Metis-M1","captured","https://web.archive.org/web/20220301185329/https://i.postimg.cc/kMwP5WQ0/8k.png","2022-03-30",45,183,4,NA,2022-03-01
"201",NA,"Soviet Union","9K38 Igla","captured","https://web.archive.org/web/20220301185329/https://i.postimg.cc/HLgyxQ2D/v2.png","2022-03-30",46,184,4,NA,2022-03-01
"202",NA,"Soviet Union","120mm 2B11/2S12","captured","https://web.archive.org/web/20220301185329/https://i.postimg.cc/SKhJwYXP/4703.png","2022-03-30",47,185,4,NA,2022-03-01
"203",NA,"Russia","120mm 2B11/2S12A","captured","https://web.archive.org/web/20220301185329/https://i.postimg.cc/x11CC0NR/550.png","2022-03-30",48,186,4,NA,2022-03-01
"204",NA,"Soviet Union","152mm 2A65 Msta-B howitzer","destroyed","https://web.archive.org/web/20220301185329/https://i.postimg.cc/prGV0k4f/Screenshot-8069.png","2022-03-30",49,187,1,NA,2022-03-01
"205",NA,"Soviet Union","152mm 2A65 Msta-B howitzer","destroyed","https://web.archive.org/web/20220301185329/https://i.postimg.cc/05cN22jz/Screenshot-8075.png","2022-03-30",49,188,1,NA,2022-03-01
"206",NA,"Soviet Union","152mm 2A65 Msta-B howitzer","damaged","https://web.archive.org/web/20220301185329/https://i.postimg.cc/yYx8J43v/Screenshot-8073.png","2022-03-30",49,189,3,NA,2022-03-01
"207",NA,"Soviet Union","152mm 2A65 Msta-B howitzer","captured","https://web.archive.org/web/20220301185329/https://i.postimg.cc/yYx8J43v/Screenshot-8073.png","2022-03-30",49,189,4,NA,2022-03-01
"208",NA,"Soviet Union","152mm 2A65 Msta-B howitzer","captured","https://web.archive.org/web/20220301185329/https://postimg.cc/q6CYJkkd","2022-03-30",49,190,4,NA,2022-03-01
"209",NA,"Soviet Union","120mm 2S9 Nona","destroyed","https://web.archive.org/web/20220301185329/https://i.postimg.cc/TPknCLcF/55433.jpg","2022-03-30",50,191,1,NA,2022-03-01
"210",NA,"Soviet Union","152mm 2S3 Akatsiya","abandoned","https://web.archive.org/web/20220301185329/https://i.postimg.cc/XqKGyZDp/Screenshot-8354.png","2022-03-30",51,192,2,NA,2022-03-01
"211",NA,"Soviet Union","152mm 2S3 Akatsiya","abandoned","https://web.archive.org/web/20220301185329/https://i.postimg.cc/zD2FmSBx/j76.png","2022-03-30",51,193,2,NA,2022-03-01
"212",NA,"Soviet Union","152mm 2S19 Msta-S","abandoned","https://web.archive.org/web/20220301185329/https://i.postimg.cc/VkNQR04y/2r.jpg","2022-03-30",52,194,2,NA,2022-03-01
"213",NA,"Soviet Union","152mm 2S19 Msta-S","abandoned","https://web.archive.org/web/20220301185329/https://i.postimg.cc/Y08W5pnP/557723.png","2022-03-30",52,195,2,NA,2022-03-01
"214",NA,"Soviet Union","152mm 2S19 Msta-S","captured","https://web.archive.org/web/20220301185329/https://i.postimg.cc/2Sk1L977/66534.jpg","2022-03-30",52,196,4,NA,2022-03-01
"215",NA,"Soviet Union","122mm BM-21 'Grad'","destroyed","https://web.archive.org/web/20220301185329/https://i.postimg.cc/8c0jfFn1/b6.png","2022-03-30",53,197,1,NA,2022-03-01
"216",NA,"Soviet Union","122mm BM-21 'Grad'","destroyed","https://web.archive.org/web/20220301185329/https://i.postimg.cc/B65zvHbK/b6.png","2022-03-30",53,198,1,NA,2022-03-01
"217",NA,"Soviet Union","122mm BM-21 'Grad'","damaged","https://web.archive.org/web/20220301185329/https://i.postimg.cc/s2wR9DPH/768.png","2022-03-30",53,199,3,NA,2022-03-01
"218",NA,"Soviet Union","122mm BM-21 'Grad'","captured","https://web.archive.org/web/20220301185329/https://i.postimg.cc/s2wR9DPH/768.png","2022-03-30",53,199,4,NA,2022-03-01
"219",NA,"Soviet Union","122mm BM-21 'Grad'","captured","https://web.archive.org/web/20220301185329/https://i.postimg.cc/xCF0twG5/b6.png","2022-03-30",53,200,4,NA,2022-03-01
"220",NA,"Soviet Union","122mm BM-21 'Grad'","captured","https://web.archive.org/web/20220301185329/https://i.postimg.cc/DZ0Q5pHc/6652.png","2022-03-30",53,201,4,NA,2022-03-01
"221",NA,"Russia","220mm TOS-1","captured","https://web.archive.org/web/20220301185329/https://i.postimg.cc/8kFRhmxQ/872.png","2022-03-30",54,202,4,NA,2022-03-01
"222",NA,"Russia","2K22M1 Tunguska","damaged","https://web.archive.org/web/20220301185329/https://i.postimg.cc/9MqLyHJZ/764.png","2022-03-30",55,203,3,NA,2022-03-01
"223",NA,"Russia","2K22M1 Tunguska","abandoned","https://web.archive.org/web/20220301185329/https://i.postimg.cc/9MqLyHJZ/764.png","2022-03-30",55,203,2,NA,2022-03-01
"224",NA,"Russia","2K22M1 Tunguska","abandoned","https://web.archive.org/web/20220301185329/https://i.postimg.cc/Qt3jK6LJ/66577.png","2022-03-30",55,204,2,NA,2022-03-01
"225",NA,"Soviet Union","9K33 Osa","destroyed","https://web.archive.org/web/20220301185329/https://i.postimg.cc/xChnM7jX/n2.png","2022-03-30",56,205,1,NA,2022-03-01
"226",NA,"Soviet Union","9K33 Osa","abandoned","https://web.archive.org/web/20220301185329/https://i.postimg.cc/3RKjWRVn/6657.png","2022-03-30",56,206,2,NA,2022-03-01
"227",NA,"Soviet Union","9K33 Osa","captured","https://web.archive.org/web/20220301185329/https://i.postimg.cc/ncXNZ3Yr/zx3.png","2022-03-30",56,207,4,NA,2022-03-01
"228",NA,"Soviet Union","9K33 Osa","captured","https://web.archive.org/web/20220301185329/https://i.postimg.cc/pXQz9HB6/67.png","2022-03-30",56,208,4,NA,2022-03-01
"229",NA,"Soviet Union","9K35 Strela-10","abandoned","https://web.archive.org/web/20220301185329/https://i.postimg.cc/rmQmjFmn/542.png","2022-03-30",57,209,2,NA,2022-03-01
"230",NA,"Soviet Union","9K35 Strela-10","abandoned","https://web.archive.org/web/20220301185329/https://i.postimg.cc/FKXqgKZj/n8.jpg","2022-03-30",57,210,2,NA,2022-03-01
"231",NA,"Soviet Union","9K35 Strela-10","captured","https://web.archive.org/web/20220301185329/https://i.postimg.cc/C5cvXW27/6656.png","2022-03-30",57,211,4,NA,2022-03-01
"232",NA,"Russia","9A39M1 TEL (for Buk-M1-2)","destroyed","https://web.archive.org/web/20220301185329/https://i.postimg.cc/J0Rvd5GM/7688.png","2022-03-30",58,212,1,NA,2022-03-01
"233",NA,"Russia","9A39M1 TEL (for Buk-M1-2)","destroyed","https://web.archive.org/web/20220301185329/https://i.postimg.cc/T1P7tLF4/3k.png","2022-03-30",58,213,1,NA,2022-03-01
"234",NA,"Russia","9A310M1 TELAR (for Buk-M1-2)","destroyed","https://web.archive.org/web/20220301185329/https://i.postimg.cc/J0Rvd5GM/7688.png","2022-03-30",59,212,1,NA,2022-03-01
"235",NA,"Russia","9A310M1 TELAR (for Buk-M1-2)","destroyed","https://web.archive.org/web/20220301185329/https://i.postimg.cc/7LmZpjbQ/3k.png","2022-03-30",59,214,1,NA,2022-03-01
"236",NA,"Russia","9A310M1 TELAR (for Buk-M1-2)","damaged","https://web.archive.org/web/20220301185329/https://i.postimg.cc/DZXDG2k3/779.png","2022-03-30",59,215,3,NA,2022-03-01
"237",NA,"Russia","Tor-M2","destroyed","https://web.archive.org/web/20220301185329/https://i.postimg.cc/5tS4wn32/578.png","2022-03-30",60,216,1,NA,2022-03-01
"238",NA,"Russia","Tor-M2","abandoned","https://web.archive.org/web/20220301185329/https://i.postimg.cc/pLQp4VmJ/6689.png","2022-03-30",60,217,2,NA,2022-03-01
"239",NA,"Russia","Pantsir-S1","captured","https://web.archive.org/web/20220301185329/https://postimg.cc/TpB4Xtbs/ec2c4921","2022-03-30",61,218,4,NA,2022-03-01
"240",NA,"Russia","R-330BMV Borisoglebsk-2B","damaged","https://web.archive.org/web/20220301185329/https://i.postimg.cc/wvzPRKsx/333.png","2022-03-30",62,219,3,NA,2022-03-01
"241",NA,"Russia","Su-30SM","destroyed","https://web.archive.org/web/20220301185329/https://i.postimg.cc/QNPryLw9/7699.png","2022-03-30",63,220,1,NA,2022-03-01
"242",NA,"Soviet Union","Su-25 strike aircraft","destroyed","https://web.archive.org/web/20220301185329/https://tass.ru/armiya-i-opk/13840645","2022-03-30",64,221,1,NA,2022-03-01
"243",NA,"Soviet Union","An-26 transport aircraft","destroyed","https://web.archive.org/web/20220301185329/https://i.postimg.cc/R0ppMFNQ/448.png","2022-03-30",65,222,1,NA,2022-03-01
"244",NA,"Soviet Union","Mi-24","destroyed","https://web.archive.org/web/20220301185329/https://i.postimg.cc/x1B22Yvq/7755.png","2022-03-30",66,223,1,NA,2022-03-01
"245",NA,"Russia","Mi-35M","destroyed","https://web.archive.org/web/20220301185329/https://i.postimg.cc/KcdDngcj/556.png","2022-03-30",67,224,1,NA,2022-03-01
"246",NA,"Russia","Unknown Mi-24/35","destroyed","https://web.archive.org/web/20220301185329/https://i.postimg.cc/26gB7bZC/Screenshot-8450.png","2022-03-30",68,225,1,NA,2022-03-01
"247",NA,"Russia","Unknown Mi-24/35","damaged","https://web.archive.org/web/20220301185329/https://i.postimg.cc/HxryM4jS/Screenshot-8449.png","2022-03-30",68,226,3,NA,2022-03-01
"248",NA,"Russia","Ka-52 'Alligator'","destroyed","https://web.archive.org/web/20220301185329/https://i.postimg.cc/PJGKCtCv/658.png","2022-03-30",69,227,1,NA,2022-03-01
"249",NA,"Russia","Ka-52 'Alligator'","damaged","https://web.archive.org/web/20220301185329/https://i.postimg.cc/kXX8gFLx/769.png","2022-03-30",69,228,3,NA,2022-03-01
"250",NA,"Russia","Fuel train","destroyed","https://web.archive.org/web/20220301185329/https://i.postimg.cc/tTsYnFXR/325.png","2022-03-30",70,229,1,NA,2022-03-01
"251",NA,"Russia","Fuel train","destroyed","https://web.archive.org/web/20220301185329/https://i.postimg.cc/3NC7kwDJ/mn6.png","2022-03-30",70,230,1,NA,2022-03-01
"252",NA,"Soviet Union","GAZ-66","captured","https://web.archive.org/web/20220301185329/https://i.postimg.cc/ncy3jWxy/55488.png","2022-03-30",71,231,4,NA,2022-03-01
"253",NA,"Soviet Union","ZiL-131","destroyed","https://web.archive.org/web/20220301185329/https://i.postimg.cc/1ttjTBH0/4455.png","2022-03-30",72,232,1,NA,2022-03-01
"254",NA,"Soviet Union","9T452 transporter-loader (for BM-27 'Uragan' MRL)","destroyed","https://web.archive.org/web/20220301185329/https://i.postimg.cc/QNzHJ4Yk/n2.png","2022-03-30",73,233,1,NA,2022-03-01
"255",NA,"Russia","GAZ-3308","abandoned","https://web.archive.org/web/20220301185329/https://postimg.cc/cg7mbbzG","2022-03-30",74,234,2,NA,2022-03-01
"256",NA,"Russia","GAZ-3308","abandoned","https://web.archive.org/web/20220301185329/https://postimg.cc/62xczXYh","2022-03-30",74,235,2,NA,2022-03-01
"257",NA,"Russia","GAZ Sobol","destroyed","https://web.archive.org/web/20220301185329/https://i.postimg.cc/gkPg5HgC/Screenshot-8289.png","2022-03-30",75,236,1,NA,2022-03-01
"258",NA,"Russia","GAZ Sobol","abandoned","https://web.archive.org/web/20220301185329/https://postimg.cc/87FbS5YH","2022-03-30",75,237,2,NA,2022-03-01
"259",NA,"Russia","Ural-4320","destroyed","https://web.archive.org/web/20220301185329/https://postimg.cc/PvwcD3Fp","2022-03-30",76,238,1,NA,2022-03-01
"260",NA,"Russia","Ural-4320","destroyed","https://web.archive.org/web/20220301185329/https://postimg.cc/5jvTwsWN","2022-03-30",76,239,1,NA,2022-03-01
"261",NA,"Russia","Ural-4320","destroyed","https://web.archive.org/web/20220301185329/https://postimg.cc/vxWKbZt6","2022-03-30",76,240,1,NA,2022-03-01
"262",NA,"Russia","Ural-4320","destroyed","https://web.archive.org/web/20220301185329/https://postimg.cc/HVgK3bT0","2022-03-30",76,241,1,NA,2022-03-01
"263",NA,"Russia","Ural-4320","destroyed","https://web.archive.org/web/20220301185329/https://postimg.cc/f3bh0QRp","2022-03-30",76,144,1,NA,2022-03-01
"264",NA,"Russia","Ural-4320","destroyed","https://web.archive.org/web/20220301185329/https://postimg.cc/YvjdC8vQ","2022-03-30",76,242,1,NA,2022-03-01
"265",NA,"Russia","Ural-4320","destroyed","https://web.archive.org/web/20220301185329/https://postimg.cc/KR09bC8Z","2022-03-30",76,243,1,NA,2022-03-01
"266",NA,"Russia","Ural-4320","destroyed","https://web.archive.org/web/20220301185329/https://i.postimg.cc/QdHyx61H/57.png","2022-03-30",76,244,1,NA,2022-03-01
"267",NA,"Russia","Ural-4320","destroyed","https://web.archive.org/web/20220301185329/https://i.postimg.cc/cHbtsDMx/a1.png","2022-03-30",76,245,1,NA,2022-03-01
"268",NA,"Russia","Ural-4320","destroyed","https://web.archive.org/web/20220301185329/https://i.postimg.cc/hPY0MfcX/5579.png","2022-03-30",76,246,1,NA,2022-03-01
"269",NA,"Russia","Ural-4320","damaged","https://web.archive.org/web/20220301185329/https://postimg.cc/kVDPCNz0","2022-03-30",76,62,3,NA,2022-03-01
"270",NA,"Russia","Ural-4320","damaged","https://web.archive.org/web/20220301185329/https://postimg.cc/w12pvjgD","2022-03-30",76,247,3,NA,2022-03-01
"271",NA,"Russia","Ural-4320","abandoned","https://web.archive.org/web/20220301185329/https://postimg.cc/w12pvjgD","2022-03-30",76,247,2,NA,2022-03-01
"272",NA,"Russia","Ural-4320","abandoned","https://web.archive.org/web/20220301185329/https://i.postimg.cc/R0KVpG33/Screenshot-8272.png","2022-03-30",76,248,2,NA,2022-03-01
"273",NA,"Russia","Ural-4320","abandoned","https://web.archive.org/web/20220301185329/https://postimg.cc/yDMtjPBF","2022-03-30",76,249,2,NA,2022-03-01
"274",NA,"Russia","Ural-4320","abandoned","https://web.archive.org/web/20220301185329/https://i.postimg.cc/3NZBVjmC/j8l.jpg","2022-03-30",76,250,2,NA,2022-03-01
"275",NA,"Russia","Ural-4320","damaged","https://web.archive.org/web/20220301185329/https://i.postimg.cc/fR5byVj2/k88.jpg","2022-03-30",76,251,3,NA,2022-03-01
"276",NA,"Russia","Ural-4320","captured","https://web.archive.org/web/20220301185329/https://i.postimg.cc/fR5byVj2/k88.jpg","2022-03-30",76,251,4,NA,2022-03-01
"277",NA,"Russia","Ural-4320","captured","https://web.archive.org/web/20220301185329/https://i.postimg.cc/vB5YMv7C/754.png","2022-03-30",76,252,4,NA,2022-03-01
"278",NA,"Russia","Ural-4320","captured","https://web.archive.org/web/20220301185329/https://i.postimg.cc/Z5GKzh1D/r1.png","2022-03-30",76,253,4,NA,2022-03-01
"279",NA,"Russia","Ural-4320","captured","https://web.archive.org/web/20220301185329/https://i.postimg.cc/pXL1Kn3v/5583.png","2022-03-30",76,254,4,NA,2022-03-01
"280",NA,"Russia","Ural-4320","captured","https://web.archive.org/web/20220301185329/https://i.postimg.cc/dQSXZBB2/74.png","2022-03-30",76,255,4,NA,2022-03-01
"281",NA,"Russia","Ural-4320","captured","https://web.archive.org/web/20220301185329/https://i.postimg.cc/Jn500txp/55799.png","2022-03-30",76,256,4,NA,2022-03-01
"282",NA,"Russia","Ural-4320","captured","https://web.archive.org/web/20220301185329/https://i.postimg.cc/26Mr9sCf/667.png","2022-03-30",76,257,4,NA,2022-03-01
"283",NA,"Russia","Ural-4320","captured","https://web.archive.org/web/20220301185329/https://i.postimg.cc/VNwZpLhm/663.png","2022-03-30",76,258,4,NA,2022-03-01
"284",NA,"Russia","Ural-4320","captured","https://web.archive.org/web/20220301185329/https://i.postimg.cc/fR5byVj2/k88.jpg","2022-03-30",76,251,4,NA,2022-03-01
"285",NA,"Russia","Ural-4320","captured","https://web.archive.org/web/20220301185329/https://i.postimg.cc/CxbjQs0Z/q1.png","2022-03-30",76,259,4,NA,2022-03-01
"286",NA,"Russia","Ural-4320","captured","https://web.archive.org/web/20220301185329/https://i.postimg.cc/cJZQyt1F/q3.jpg","2022-03-30",76,260,4,NA,2022-03-01
"287",NA,"Russia","Ural-4320","captured","https://web.archive.org/web/20220301185329/https://i.postimg.cc/R0RwMCN4/q4.jpg","2022-03-30",76,261,4,NA,2022-03-01
"288",NA,"Russia","Ural-4320","captured","https://web.archive.org/web/20220301185329/https://i.postimg.cc/nzhBM8D7/q5.jpg","2022-03-30",76,262,4,NA,2022-03-01
"289",NA,"Russia","Ural-4320","captured","https://web.archive.org/web/20220301185329/https://i.postimg.cc/Zn9NFrj5/q6.jpg","2022-03-30",76,263,4,NA,2022-03-01
"290",NA,"Russia","Ural-4320","captured","https://web.archive.org/web/20220301185329/https://i.postimg.cc/269vZHQt/q7.png","2022-03-30",76,264,4,NA,2022-03-01
"291",NA,"Russia","Ural-4320","captured","https://web.archive.org/web/20220301185329/https://i.postimg.cc/RhjHPNbQ/q8.png","2022-03-30",76,265,4,NA,2022-03-01
"292",NA,"Russia","Ural-4320","captured","https://web.archive.org/web/20220301185329/https://i.postimg.cc/7Pc0PWYG/q9.jpg","2022-03-30",76,266,4,NA,2022-03-01
"293",NA,"Russia","Ural-4320","captured","https://web.archive.org/web/20220301185329/https://i.postimg.cc/Tw1hHZ5d/77h.png","2022-03-30",76,267,4,NA,2022-03-01
"294",NA,"Russia","Ural-43206","destroyed","https://web.archive.org/web/20220301185329/https://i.postimg.cc/9Q7VDLd8/ff4467.png","2022-03-30",77,268,1,NA,2022-03-01
"295",NA,"Russia","Ural-43206","captured","https://web.archive.org/web/20220301185329/https://i.postimg.cc/pdjsnMg9/c1.png","2022-03-30",77,269,4,NA,2022-03-01
"296",NA,"Russia","Ural-43206","captured","https://web.archive.org/web/20220301185329/https://i.postimg.cc/1tZJGYQv/c2.png","2022-03-30",77,270,4,NA,2022-03-01
"297",NA,"Russia","Ural Federal","destroyed","https://web.archive.org/web/20220301185329/https://postimg.cc/YvcvvC98","2022-03-30",78,271,1,NA,2022-03-01
"298",NA,"Russia","Ural Federal","abandoned","https://web.archive.org/web/20220301185329/https://postimg.cc/4nNVGy79","2022-03-30",78,272,2,NA,2022-03-01
"299",NA,"Russia","Ural Federal","abandoned","https://web.archive.org/web/20220301185329/https://postimg.cc/c6Hgjz27","2022-03-30",78,273,2,NA,2022-03-01
"300",NA,"Russia","Armoured KamAZ 6x6","destroyed","https://web.archive.org/web/20220301185329/https://i.postimg.cc/rmWjR3ww/335.png","2022-03-30",79,274,1,NA,2022-03-01
"301",NA,"Russia","KamAZ 6x6","destroyed","https://web.archive.org/web/20220301185329/https://i.postimg.cc/TwqThWRp/8875.png","2022-03-30",80,275,1,NA,2022-03-01
"302",NA,"Russia","KamAZ 6x6","destroyed","https://web.archive.org/web/20220301185329/https://postimg.cc/G9KswLMf","2022-03-30",80,276,1,NA,2022-03-01
"303",NA,"Russia","KamAZ 6x6","destroyed","https://web.archive.org/web/20220301185329/https://i.postimg.cc/26rzdvFN/m8.png","2022-03-30",80,277,1,NA,2022-03-01
"304",NA,"Russia","KamAZ 6x6","destroyed","https://web.archive.org/web/20220301185329/https://i.postimg.cc/K8dLcdtV/h0.png","2022-03-30",80,278,1,NA,2022-03-01
"305",NA,"Russia","KamAZ 6x6","destroyed","https://web.archive.org/web/20220301185329/https://i.postimg.cc/G2Ndj56v/Screenshot-8192.png","2022-03-30",80,279,1,NA,2022-03-01
"306",NA,"Russia","KamAZ 6x6","destroyed","https://web.archive.org/web/20220301185329/https://i.postimg.cc/mhW4vFLD/Screenshot-8193.png","2022-03-30",80,280,1,NA,2022-03-01
"307",NA,"Russia","KamAZ 6x6","destroyed","https://web.archive.org/web/20220301185329/https://i.postimg.cc/MpmpyDDG/Screenshot-8209.png","2022-03-30",80,281,1,NA,2022-03-01
"308",NA,"Russia","KamAZ 6x6","destroyed","https://web.archive.org/web/20220301185329/https://i.postimg.cc/nc8Fg5Sz/Screenshot-8215.png","2022-03-30",80,282,1,NA,2022-03-01
"309",NA,"Russia","KamAZ 6x6","destroyed","https://web.archive.org/web/20220301185329/https://i.postimg.cc/jj8q1SB0/Screenshot-8210.png","2022-03-30",80,283,1,NA,2022-03-01
"310",NA,"Russia","KamAZ 6x6","destroyed","https://web.archive.org/web/20220301185329/https://i.postimg.cc/nzgFHwH3/Screenshot-8211.png","2022-03-30",80,284,1,NA,2022-03-01
"311",NA,"Russia","KamAZ 6x6","destroyed","https://web.archive.org/web/20220301185329/https://postimg.cc/PvG7gwYj","2022-03-30",80,285,1,NA,2022-03-01
"312",NA,"Russia","KamAZ 6x6","destroyed","https://web.archive.org/web/20220301185329/https://i.postimg.cc/wjDYJj9c/Screenshot-8224.png","2022-03-30",80,286,1,NA,2022-03-01
"313",NA,"Russia","KamAZ 6x6","destroyed","https://web.archive.org/web/20220301185329/https://i.postimg.cc/dQmFbzNj/6888.png","2022-03-30",80,287,1,NA,2022-03-01
"314",NA,"Russia","KamAZ 6x6","destroyed","https://web.archive.org/web/20220301185329/https://i.postimg.cc/zfp7Rm55/Screenshot-8276.png","2022-03-30",80,288,1,NA,2022-03-01
"315",NA,"Russia","KamAZ 6x6","destroyed","https://web.archive.org/web/20220301185329/https://i.postimg.cc/nrMnttVL/7k.png","2022-03-30",80,289,1,NA,2022-03-01
"316",NA,"Russia","KamAZ 6x6","destroyed","https://web.archive.org/web/20220301185329/https://i.postimg.cc/gkPg5HgC/Screenshot-8289.png","2022-03-30",80,236,1,NA,2022-03-01
"317",NA,"Russia","KamAZ 6x6","destroyed","https://web.archive.org/web/20220301185329/https://postimg.cc/5QNwkNv8","2022-03-30",80,290,1,NA,2022-03-01
"318",NA,"Russia","KamAZ 6x6","destroyed","https://web.archive.org/web/20220301185329/https://i.postimg.cc/kXvznpZN/v7.png","2022-03-30",80,291,1,NA,2022-03-01
"319",NA,"Russia","KamAZ 6x6","destroyed","https://web.archive.org/web/20220301185329/https://postimg.cc/rd1xVtNS","2022-03-30",80,292,1,NA,2022-03-01
"320",NA,"Russia","KamAZ 6x6","destroyed","https://web.archive.org/web/20220301185329/https://postimg.cc/KRCMt59P","2022-03-30",80,293,1,NA,2022-03-01
"321",NA,"Russia","KamAZ 6x6","destroyed","https://web.archive.org/web/20220301185329/https://i.postimg.cc/hPqDmdpD/554.png","2022-03-30",80,294,1,NA,2022-03-01
"322",NA,"Russia","KamAZ 6x6","destroyed","https://web.archive.org/web/20220301185329/https://i.postimg.cc/3RKjWRVn/6657.png","2022-03-30",80,206,1,NA,2022-03-01
"323",NA,"Russia","KamAZ 6x6","destroyed","https://web.archive.org/web/20220301185329/https://i.postimg.cc/dVZtMRWY/4456.png","2022-03-30",80,295,1,NA,2022-03-01
"324",NA,"Russia","KamAZ 6x6","destroyed","https://web.archive.org/web/20220301185329/https://i.postimg.cc/1ttjTBH0/4455.png","2022-03-30",80,232,1,NA,2022-03-01
"325",NA,"Russia","KamAZ 6x6","destroyed","https://web.archive.org/web/20220301185329/https://i.postimg.cc/gjV6fNhS/5557.png","2022-03-30",80,296,1,NA,2022-03-01
"326",NA,"Russia","KamAZ 6x6","destroyed","https://web.archive.org/web/20220301185329/https://i.postimg.cc/6Q0p7yrb/b7.jpg","2022-03-30",80,297,1,NA,2022-03-01
"327",NA,"Russia","KamAZ 6x6","damaged","https://web.archive.org/web/20220301185329/https://i.postimg.cc/kGnW3KWg/880.png","2022-03-30",80,298,3,NA,2022-03-01
"328",NA,"Russia","KamAZ 6x6","abandoned","https://web.archive.org/web/20220301185329/https://i.postimg.cc/9F0M05Tb/Screenshot-8232.png","2022-03-30",80,299,2,NA,2022-03-01
"329",NA,"Russia","KamAZ 6x6","abandoned","https://web.archive.org/web/20220301185329/https://i.postimg.cc/RFmCkffg/Screenshot-8273.png","2022-03-30",80,300,2,NA,2022-03-01
"330",NA,"Russia","KamAZ 6x6","abandoned","https://web.archive.org/web/20220301185329/https://postimg.cc/zVzd9q5t","2022-03-30",80,301,2,NA,2022-03-01
"331",NA,"Russia","KamAZ 6x6","abandoned","https://web.archive.org/web/20220301185329/https://i.postimg.cc/Pq6cnvCm/Screenshot-8284.png","2022-03-30",80,302,2,NA,2022-03-01
"332",NA,"Russia","KamAZ 6x6","abandoned","https://web.archive.org/web/20220301185329/https://i.postimg.cc/bNQBNBGY/Screenshot-8285.png","2022-03-30",80,303,2,NA,2022-03-01
"333",NA,"Russia","KamAZ 6x6","abandoned","https://web.archive.org/web/20220301185329/https://postimg.cc/VS80VkP5","2022-03-30",80,304,2,NA,2022-03-01
"334",NA,"Russia","KamAZ 6x6","abandoned","https://web.archive.org/web/20220301185329/https://postimg.cc/CznZMqFz","2022-03-30",80,305,2,NA,2022-03-01
"335",NA,"Russia","KamAZ 6x6","abandoned","https://web.archive.org/web/20220301185329/https://i.postimg.cc/tCPccYNm/v8.png","2022-03-30",80,306,2,NA,2022-03-01
"336",NA,"Russia","KamAZ 6x6","captured","https://web.archive.org/web/20220301185329/https://i.postimg.cc/Hn7xkb8m/688.png","2022-03-30",80,307,4,NA,2022-03-01
"337",NA,"Russia","KamAZ 6x6","captured","https://web.archive.org/web/20220301185329/https://i.postimg.cc/YSQ2ps72/r2.png","2022-03-30",80,308,4,NA,2022-03-01
"338",NA,"Russia","KamAZ 6x6","captured","https://web.archive.org/web/20220301185329/https://i.postimg.cc/gJ6f7NZ3/57.png","2022-03-30",80,309,4,NA,2022-03-01
"339",NA,"Russia","KamAZ 6x6","captured","https://web.archive.org/web/20220301185329/https://i.postimg.cc/VkXF0qmD/6599.png","2022-03-30",80,310,4,NA,2022-03-01
"340",NA,"Russia","KamAZ 6x6","captured","https://web.archive.org/web/20220301185329/https://i.postimg.cc/DZ0Q5pHc/6652.png","2022-03-30",80,201,4,NA,2022-03-01
"341",NA,"Russia","KamAZ 6x6","captured","https://web.archive.org/web/20220301185329/https://i.postimg.cc/1ttCbb4J/tt1.png","2022-03-30",80,311,4,NA,2022-03-01
"342",NA,"Russia","KamAZ 6x6","captured","https://web.archive.org/web/20220301185329/https://i.postimg.cc/15tY3vhL/4456.png","2022-03-30",80,312,4,NA,2022-03-01
"343",NA,"Russia","KamAZ 6x6","captured","https://web.archive.org/web/20220301185329/https://i.postimg.cc/W3YpnCfM/b6.jpg","2022-03-30",80,313,4,NA,2022-03-01
"344",NA,"Russia","KamAZ 6x6","captured","https://web.archive.org/web/20220301185329/https://i.postimg.cc/k5QJrzV3/872.png","2022-03-30",80,314,4,NA,2022-03-01
"345",NA,"Russia","KamAZ 6x6","captured","https://web.archive.org/web/20220301185329/https://i.postimg.cc/Bbj44g2S/5580.png","2022-03-30",80,315,4,NA,2022-03-01
"346",NA,"Russia","KamAZ 6x6","captured","https://web.archive.org/web/20220301185329/https://i.postimg.cc/23RZybKP/6800.png","2022-03-30",80,316,4,NA,2022-03-01
"347",NA,"Russia","KamAZ-6350 8x8 artillery tractor","destroyed","https://web.archive.org/web/20220301185329/https://i.postimg.cc/VvPSc7kX/Screenshot-8070.png","2022-03-30",81,317,1,NA,2022-03-01
"348",NA,"Russia","KamAZ-6350 8x8 artillery tractor","destroyed","https://web.archive.org/web/20220301185329/https://i.postimg.cc/br0ZYQZW/Screenshot-8071.png","2022-03-30",81,318,1,NA,2022-03-01
"349",NA,"Russia","KamAZ-6350 8x8 artillery tractor","damaged","https://web.archive.org/web/20220301185329/https://i.postimg.cc/br6jRJWd/Screenshot-8072.png","2022-03-30",81,319,3,NA,2022-03-01
"350",NA,"Russia","KamAZ-6350 8x8 artillery tractor","captured","https://web.archive.org/web/20220301185329/https://i.postimg.cc/br6jRJWd/Screenshot-8072.png","2022-03-30",81,319,4,NA,2022-03-01
"351",NA,"Russia","KamAZ-6350 8x8 artillery tractor","damaged","https://web.archive.org/web/20220301185329/https://i.postimg.cc/nczxh49m/Screenshot-8074.png","2022-03-30",81,320,3,NA,2022-03-01
"352",NA,"Russia","KamAZ-6350 8x8 artillery tractor","captured","https://web.archive.org/web/20220301185329/https://i.postimg.cc/nczxh49m/Screenshot-8074.png","2022-03-30",81,320,4,NA,2022-03-01
"353",NA,"Russia","Unknown supply truck","destroyed","https://web.archive.org/web/20220301185329/https://i.postimg.cc/3wn7wzQM/686.png","2022-03-30",82,321,1,NA,2022-03-01
"354",NA,"Russia","Unknown vehicle","destroyed","https://web.archive.org/web/20220301185329/https://i.postimg.cc/TwqThWRp/8875.png","2022-03-30",83,275,1,NA,2022-03-01
"355",NA,"Russia","Unknown vehicle","destroyed","https://web.archive.org/web/20220301185329/https://i.postimg.cc/26rzdvFN/m8.png","2022-03-30",83,277,1,NA,2022-03-01
"356",NA,"Russia","Unknown vehicle","destroyed","https://web.archive.org/web/20220301185329/https://i.postimg.cc/cLy31D99/557.png","2022-03-30",83,322,1,NA,2022-03-01
"357",NA,"Russia","Unknown vehicle","destroyed","https://web.archive.org/web/20220301185329/https://i.postimg.cc/L5WpLtHC/370.png","2022-03-30",83,323,1,NA,2022-03-01
"358",NA,"Russia","Unknown vehicle","destroyed","https://web.archive.org/web/20220301185329/https://i.postimg.cc/v8Jyk5sf/4k.png","2022-03-30",83,324,1,NA,2022-03-01
"359",NA,"Soviet Union","T-64BV","destroyed","https://web.archive.org/web/20220301185329/https://i.postimg.cc/mgntjg7P/763.png","2022-03-30",84,325,1,NA,2022-03-01
"360",NA,"Soviet Union","T-64BV","destroyed","https://web.archive.org/web/20220301185329/https://i.postimg.cc/59wN4Ybq/689.png","2022-03-30",84,326,1,NA,2022-03-01
"361",NA,"Soviet Union","T-64BV","destroyed","https://web.archive.org/web/20220301185329/https://i.postimg.cc/fWBW5NVQ/558.png","2022-03-30",84,327,1,NA,2022-03-01
"362",NA,"Soviet Union","T-64BV","destroyed","https://web.archive.org/web/20220301185329/https://i.postimg.cc/442p3Kn8/443.png","2022-03-30",84,328,1,NA,2022-03-01
"363",NA,"Soviet Union","T-64BV","destroyed","https://web.archive.org/web/20220301185329/https://i.postimg.cc/gjqt7JQh/445.png","2022-03-30",84,329,1,NA,2022-03-01
"364",NA,"Soviet Union","T-64BV","damaged","https://web.archive.org/web/20220301185329/https://i.postimg.cc/CLn96SZZ/f7.png","2022-03-30",84,330,3,NA,2022-03-01
"365",NA,"Soviet Union","T-64BV","abandoned","https://web.archive.org/web/20220301185329/https://i.postimg.cc/CLn96SZZ/f7.png","2022-03-30",84,330,2,NA,2022-03-01
"366",NA,"Soviet Union","T-64BV","abandoned","https://web.archive.org/web/20220301185329/https://i.postimg.cc/rFzZ43Zg/578.png","2022-03-30",84,331,2,NA,2022-03-01
"367",NA,"Soviet Union","T-64BV","abandoned","https://web.archive.org/web/20220301185329/https://i.postimg.cc/vBTn2B8C/467.png","2022-03-30",84,332,2,NA,2022-03-01
"368",NA,"Soviet Union","T-64BV","abandoned","https://web.archive.org/web/20220301185329/https://i.postimg.cc/8Pf8WQWH/557l.png","2022-03-30",84,333,2,NA,2022-03-01
"369",NA,"Soviet Union","T-64BV","abandoned","https://web.archive.org/web/20220301185329/https://i.postimg.cc/fTV39LBr/5570.png","2022-03-30",84,334,2,NA,2022-03-01
"370",NA,"Soviet Union","T-64BV","abandoned","https://web.archive.org/web/20220301185329/https://i.postimg.cc/qBsnPDXc/5548.png","2022-03-30",84,335,2,NA,2022-03-01
"371",NA,"Soviet Union","T-80BV","abandoned","https://web.archive.org/web/20220301185329/https://i.postimg.cc/MHW2qp47/d39.png","2022-03-30",5,336,2,NA,2022-03-01
"372",NA,"Soviet Union","T-80BV","damaged","https://web.archive.org/web/20220301185329/https://i.postimg.cc/0jXKJsjL/f58.png","2022-03-30",5,337,3,NA,2022-03-01
"373",NA,"Soviet Union","T-80BV","captured","https://web.archive.org/web/20220301185329/https://i.postimg.cc/0jXKJsjL/f58.png","2022-03-30",5,337,4,NA,2022-03-01
"374",NA,"Soviet Union","BRM-1K","damaged","https://web.archive.org/web/20220301185329/https://i.postimg.cc/tC4jmbcK/446.png","2022-03-30",10,338,3,NA,2022-03-01
"375",NA,"Soviet Union","BRM-1K","captured","https://web.archive.org/web/20220301185329/https://i.postimg.cc/tC4jmbcK/446.png","2022-03-30",10,338,4,NA,2022-03-01
"376",NA,"Soviet Union","BRM-1K","captured","https://web.archive.org/web/20220301185329/https://i.postimg.cc/ZnMyg04W/6669.jpg","2022-03-30",10,339,4,NA,2022-03-01
"377",NA,"Soviet Union","BRDM-2","destroyed","https://web.archive.org/web/20220301185329/https://i.postimg.cc/R0PRks7V/n5.png","2022-03-30",85,340,1,NA,2022-03-01
"378",NA,"Soviet Union","BRDM-2","destroyed","https://web.archive.org/web/20220301185329/https://i.postimg.cc/Ghhp2XG1/n6.png","2022-03-30",85,341,1,NA,2022-03-01
"379",NA,"Soviet Union","BRDM-2","destroyed","https://web.archive.org/web/20220301185329/https://i.postimg.cc/gk37TCky/57h.png","2022-03-30",85,342,1,NA,2022-03-01
"380",NA,"Soviet Union","BRDM-2","abandoned","https://web.archive.org/web/20220301185329/https://i.postimg.cc/TYfDBCPr/577.png","2022-03-30",85,343,2,NA,2022-03-01
"381",NA,"Soviet Union","BRDM-2","abandoned","https://web.archive.org/web/20220301185329/https://i.postimg.cc/zGQd8V3S/4437.png","2022-03-30",85,344,2,NA,2022-03-01
"382",NA,"Soviet Union","BRDM-2","abandoned","https://web.archive.org/web/20220301185329/https://i.postimg.cc/KYF1K5KZ/5547.png","2022-03-30",85,345,2,NA,2022-03-01
"383",NA,"Soviet Union","BRDM-2","abandoned","https://web.archive.org/web/20220301185329/https://i.postimg.cc/x1Pz37Vk/5577.png","2022-03-30",85,346,2,NA,2022-03-01
"384",NA,"Soviet Union","BRDM-2","abandoned","https://web.archive.org/web/20220301185329/https://i.postimg.cc/x1q26JWK/443o.png","2022-03-30",85,347,2,NA,2022-03-01
"385",NA,"Soviet Union","BRDM-2","abandoned","https://web.archive.org/web/20220301185329/https://i.postimg.cc/7Pg0LbtM/553.png","2022-03-30",85,348,2,NA,2022-03-01
"386",NA,"Soviet Union","BRDM-2","abandoned","https://web.archive.org/web/20220301185329/https://i.postimg.cc/DZ1JmY6y/4436.png","2022-03-30",85,349,2,NA,2022-03-01
"387",NA,"Soviet Union","BRDM-2","abandoned","https://web.archive.org/web/20220301185329/https://i.postimg.cc/cLp0yYYV/795.png","2022-03-30",85,350,2,NA,2022-03-01
"388",NA,"Soviet Union","BRDM-2","captured","https://web.archive.org/web/20220301185329/https://i.postimg.cc/wjZZCBgG/Screenshot-8367.png","2022-03-30",85,351,4,NA,2022-03-01
"389",NA,"Soviet Union","BRDM-2","captured","https://web.archive.org/web/20220301185329/https://i.postimg.cc/SxJH19F9/Screenshot-8366.png","2022-03-30",85,352,4,NA,2022-03-01
"390",NA,"Soviet Union","BRDM-2","captured","https://web.archive.org/web/20220301185329/https://i.postimg.cc/rmGLQ7dz/ff4.png","2022-03-30",85,353,4,NA,2022-03-01
"391",NA,"Soviet Union","9P148 Konkurs ATGM carrier","destroyed","https://web.archive.org/web/20220301185329/https://i.postimg.cc/8cpL1BtZ/k2.png","2022-03-30",86,354,1,NA,2022-03-01
"392",NA,"Soviet Union","9P148 Konkurs ATGM carrier","destroyed","https://web.archive.org/web/20220301185329/https://i.postimg.cc/JncbVdcy/k1.png","2022-03-30",86,355,1,NA,2022-03-01
"393",NA,"Soviet Union","9P148 Konkurs ATGM carrier","captured","https://web.archive.org/web/20220301185329/https://i.postimg.cc/7PV70ZVz/4366.png","2022-03-30",86,356,4,NA,2022-03-01
"394",NA,"Soviet Union","MT-LBu","abandoned","https://web.archive.org/web/20220301185329/https://i.postimg.cc/D00sLq8C/Screenshot-8261.png","2022-03-30",14,357,2,NA,2022-03-01
"395",NA,"Ukraine","MT-LB Ambulance","abandoned","https://web.archive.org/web/20220301185329/https://i.postimg.cc/3Jv5s5tq/468.png","2022-03-30",87,358,2,NA,2022-03-01
"396",NA,"Ukraine","BSEM-4K","destroyed","https://web.archive.org/web/20220301185329/https://i.postimg.cc/5yjhTNPP/Screenshot-8306.png","2022-03-30",88,359,1,NA,2022-03-01
"397",NA,"Soviet Union","MT-LBu","damaged","https://web.archive.org/web/20220301185329/https://i.postimg.cc/ZYHxJ6rp/Screenshot-8036.png","2022-03-30",14,360,3,NA,2022-03-01
"398",NA,"Soviet Union","MT-LBu","abandoned","https://web.archive.org/web/20220301185329/https://i.postimg.cc/ZYHxJ6rp/Screenshot-8036.png","2022-03-30",14,360,2,NA,2022-03-01
"399",NA,"Soviet Union","BMP-1","destroyed","https://web.archive.org/web/20220301185329/https://i.postimg.cc/7hc1JGgw/558.jpg","2022-03-30",89,361,1,NA,2022-03-01
"400",NA,"Soviet Union","BMP-1","destroyed","https://web.archive.org/web/20220301185329/https://i.postimg.cc/V6Xg1gbX/886.png","2022-03-30",89,362,1,NA,2022-03-01
"401",NA,"Soviet Union","BMP-1","destroyed","https://web.archive.org/web/20220301185329/https://i.postimg.cc/W4X6yy25/443689.png","2022-03-30",89,363,1,NA,2022-03-01
"402",NA,"Soviet Union","BMP-1","damaged","https://web.archive.org/web/20220301185329/https://i.postimg.cc/vmNpXbHQ/gg2.png","2022-03-30",89,364,3,NA,2022-03-01
"403",NA,"Soviet Union","BMP-1","abandoned","https://web.archive.org/web/20220301185329/https://i.postimg.cc/vmNpXbHQ/gg2.png","2022-03-30",89,364,2,NA,2022-03-01
"404",NA,"Soviet Union","BMP-1","abandoned","https://web.archive.org/web/20220301185329/https://i.postimg.cc/nzYYjDN8/Screenshot-8035.png","2022-03-30",89,365,2,NA,2022-03-01
"405",NA,"Soviet Union","BMP-1","abandoned","https://web.archive.org/web/20220301185329/https://i.postimg.cc/8cZRwV1t/Screenshot-8037.png","2022-03-30",89,366,2,NA,2022-03-01
"406",NA,"Soviet Union","BMP-1","abandoned","https://web.archive.org/web/20220301185329/https://i.postimg.cc/vTY7Wmd4/Screenshot-8038.png","2022-03-30",89,367,2,NA,2022-03-01
"407",NA,"Soviet Union","BMP-1","abandoned","https://web.archive.org/web/20220301185329/https://i.postimg.cc/TYfDBCPr/577.png","2022-03-30",89,343,2,NA,2022-03-01
"408",NA,"Soviet Union","BMP-2","abandoned","https://web.archive.org/web/20220301185329/https://i.postimg.cc/xT3v6qKT/4470.png","2022-03-30",22,368,2,NA,2022-03-01
"409",NA,"Ukraine","BTR-4","destroyed","https://web.archive.org/web/20220301185329/https://i.postimg.cc/W42RL0Ld/5554.png","2022-03-30",90,369,1,NA,2022-03-01
"410",NA,"Ukraine","BTR-4","destroyed","https://web.archive.org/web/20220301185329/https://i.postimg.cc/bYFbd2PW/6658.png","2022-03-30",90,370,1,NA,2022-03-01
"411",NA,"Ukraine","BTR-4","destroyed","https://web.archive.org/web/20220301185329/https://i.postimg.cc/LXydxZVY/Screenshot-8305.png","2022-03-30",90,371,1,NA,2022-03-01
"412",NA,"Ukraine","BTR-4","destroyed","https://web.archive.org/web/20220301185329/https://i.postimg.cc/7brvpRmG/665333.png","2022-03-30",90,372,1,NA,2022-03-01
"413",NA,"Ukraine","BTR-4","destroyed","https://web.archive.org/web/20220301185329/https://i.postimg.cc/jSHryW7b/c8.png","2022-03-30",90,373,1,NA,2022-03-01
"414",NA,"Ukraine","BTR-4","abandoned","https://web.archive.org/web/20220301185329/https://i.postimg.cc/mkdGX6cb/447.png","2022-03-30",90,374,2,NA,2022-03-01
"415",NA,"Ukraine","BTR-4","captured","https://web.archive.org/web/20220301185329/https://i.postimg.cc/tCP3NpHR/c1.png","2022-03-30",90,375,4,NA,2022-03-01
"416",NA,"Ukraine","BTR-4","captured","https://web.archive.org/web/20220301185329/https://i.postimg.cc/htB9C6SL/c2.png","2022-03-30",90,376,4,NA,2022-03-01
"417",NA,"Ukraine","BTR-3","destroyed","https://web.archive.org/web/20220301185329/https://i.postimg.cc/Cx33pLj5/4482.png","2022-03-30",91,377,1,NA,2022-03-01
"418",NA,"Ukraine","BTR-3","captured","https://web.archive.org/web/20220301185329/https://i.postimg.cc/wv6zrZdn/Screenshot-8248.png","2022-03-30",91,378,4,NA,2022-03-01
"419",NA,"Soviet Union","BTR-60","captured","https://web.archive.org/web/20220301185329/https://i.postimg.cc/wv5Mw3LL/Screenshot-8388.png","2022-03-30",92,379,4,NA,2022-03-01
"420",NA,"Soviet Union","BTR-70","abandoned","https://web.archive.org/web/20220301185329/https://i.postimg.cc/RCWcTD3F/579.png","2022-03-30",93,380,2,NA,2022-03-01
"421",NA,"Soviet Union","BTR-70","captured","https://web.archive.org/web/20220301185329/https://i.postimg.cc/9FS2wLRZ/Screenshot-8016.png","2022-03-30",93,381,4,NA,2022-03-01
"422",NA,"Soviet Union","BTR-70","captured","https://web.archive.org/web/20220301185329/https://i.postimg.cc/hvpjqwCG/Screenshot-8389.png","2022-03-30",93,382,4,NA,2022-03-01
"423",NA,"Soviet Union","BTR-80","destroyed","https://web.archive.org/web/20220301185329/https://i.postimg.cc/Sj0VZnW6/446i.png","2022-03-30",27,383,1,NA,2022-03-01
"424",NA,"Soviet Union","BTR-80","captured","https://web.archive.org/web/20220301185329/https://i.postimg.cc/k4Pf76VB/v1.png","2022-03-30",27,384,4,NA,2022-03-01
"425",NA,"Soviet Union","BTR-80","captured","https://web.archive.org/web/20220301185329/https://i.postimg.cc/NM8bFsTb/v2.png","2022-03-30",27,385,4,NA,2022-03-01
"426",NA,"Soviet Union","BTR-80","captured","https://web.archive.org/web/20220301185329/https://i.postimg.cc/m2wPCdGj/f5.png","2022-03-30",27,386,4,NA,2022-03-01
"427",NA,"Ukraine","Unknown BTR","abandoned","https://web.archive.org/web/20220301185329/https://i.postimg.cc/524HCBT8/b1.png","2022-03-30",94,387,2,NA,2022-03-01
"428",NA,"United States","HMMWV","destroyed","https://web.archive.org/web/20220301185329/https://i.postimg.cc/bY3x4Pp9/4478.png","2022-03-30",95,388,1,NA,2022-03-01
"429",NA,"Ukraine","Varta","captured","https://web.archive.org/web/20220301185329/https://i.postimg.cc/rmJCSVgp/g1.png","2022-03-30",96,389,4,NA,2022-03-01
"430",NA,"Ukraine","Varta","captured","https://web.archive.org/web/20220301185329/https://i.postimg.cc/MpqsfLzt/66590.png","2022-03-30",96,390,4,NA,2022-03-01
"431",NA,"Ukraine","Varta","captured","https://web.archive.org/web/20220301185329/https://i.postimg.cc/442p3Kn8/443.png","2022-03-30",96,328,4,NA,2022-03-01
"432",NA,"Ukraine","Varta","captured","https://web.archive.org/web/20220301185329/https://i.postimg.cc/wj9GFM8d/66579.png","2022-03-30",96,391,4,NA,2022-03-01
"433",NA,"Ukraine","Kozak-2","destroyed","https://web.archive.org/web/20220301185329/https://i.postimg.cc/L6pqJk7y/58.png","2022-03-30",97,392,1,NA,2022-03-01
"434",NA,"United Kingdom","MBT LAW 'NLAW'","captured","https://web.archive.org/web/20220301185329/https://twitter.com/Caucasuswar/status/1497165090835083293","2022-03-30",98,393,4,NA,2022-03-01
"435",NA,"United Kingdom","MBT LAW 'NLAW'","captured","https://web.archive.org/web/20220301185329/https://i.postimg.cc/RCdVxFvX/772.png","2022-03-30",98,394,4,NA,2022-03-01
"436",NA,"United Kingdom","MBT LAW 'NLAW'","captured","https://web.archive.org/web/20220301185329/https://i.postimg.cc/4xhpF2Yg/5549.png","2022-03-30",98,395,4,NA,2022-03-01
"437",NA,"Soviet Union","9K38 Igla","captured","https://web.archive.org/web/20220301185329/https://i.postimg.cc/4xhpF2Yg/5549.png","2022-03-30",46,395,4,NA,2022-03-01
"438",NA,"Soviet Union","9K310 Igla-1","captured","https://web.archive.org/web/20220301185329/https://postlmg.cc/PNLkmdpw","2022-03-30",99,396,4,NA,2022-03-01
"439",NA,"Soviet Union","9K310 Igla-1","captured","https://web.archive.org/web/20220301185329/https://i.postimg.cc/4xhpF2Yg/5549.png","2022-03-30",99,395,4,NA,2022-03-01
"440",NA,"Soviet Union","152mm 2A65 Msta-B howitzer","abandoned","https://web.archive.org/web/20220301185329/https://i.postimg.cc/zfBM7CWN/Screenshot-8227.png","2022-03-30",49,397,2,NA,2022-03-01
"441",NA,"Soviet Union","152mm 2A65 Msta-B howitzer","abandoned","https://web.archive.org/web/20220301185329/https://i.postimg.cc/gj9TG17c/Screenshot-8228.png","2022-03-30",49,398,2,NA,2022-03-01
"442",NA,"Soviet Union","122mm 2S1 Gvozdika","destroyed","https://web.archive.org/web/20220301185329/https://i.postimg.cc/43cbmftq/4466.png","2022-03-30",100,399,1,NA,2022-03-01
"443",NA,"Soviet Union","122mm 2S1 Gvozdika","destroyed","https://web.archive.org/web/20220301185329/https://i.postimg.cc/R0r6NcvQ/5577.png","2022-03-30",100,400,1,NA,2022-03-01
"444",NA,"Soviet Union","122mm 2S1 Gvozdika","abandoned","https://web.archive.org/web/20220301185329/https://i.postimg.cc/MKTfGGmK/334.png","2022-03-30",100,401,2,NA,2022-03-01
"445",NA,"Soviet Union","122mm 2S1 Gvozdika","captured","https://web.archive.org/web/20220301185329/https://i.postimg.cc/x1nDQ4cP/Screenshot-8055.png","2022-03-30",100,402,4,NA,2022-03-01
"446",NA,"Soviet Union","122mm 2S1 Gvozdika","captured","https://web.archive.org/web/20220301185329/https://postimg.cc/dh3pzgQm","2022-03-30",100,403,4,NA,2022-03-01
"447",NA,"Soviet Union","5P85D (launcher for S-300PS)","destroyed","https://web.archive.org/web/20220301185329/https://i.postimg.cc/50rg9crH/4488.png","2022-03-30",101,404,1,NA,2022-03-01
"448",NA,"Soviet Union","9K33 Osa","destroyed","https://web.archive.org/web/20220301185329/https://i.postimg.cc/wM1d9gZR/b8.png","2022-03-30",56,405,1,NA,2022-03-01
"449",NA,"Soviet Union","9K33 Osa","destroyed","https://web.archive.org/web/20220301185329/https://i.postimg.cc/ncjkcdJN/589.png","2022-03-30",56,406,1,NA,2022-03-01
"450",NA,"Soviet Union","9K33 Osa","destroyed","https://web.archive.org/web/20220301185329/https://i.postimg.cc/9F6xPsMT/5547.png","2022-03-30",56,407,1,NA,2022-03-01
"451",NA,"Soviet Union","9K35 Strela-10","destroyed","https://web.archive.org/web/20220301185329/https://i.postimg.cc/XqQbB43w/4436.png","2022-03-30",57,408,1,NA,2022-03-01
"452",NA,"Soviet Union","Buk-M1","destroyed","https://web.archive.org/web/20220301185329/https://i.postimg.cc/65Hjk0rQ/5542.png","2022-03-30",102,409,1,NA,2022-03-01
"453",NA,"Soviet Union","P-14 'Tall King'","damaged","https://web.archive.org/web/20220301185329/https://i.postimg.cc/rpWmrPLb/57.png","2022-03-30",103,410,3,NA,2022-03-01
"454",NA,"Soviet Union","P-35/37 'Bar Lock'","destroyed","https://web.archive.org/web/20220301185329/https://i.postimg.cc/WpShQwBk/5547.png","2022-03-30",104,411,1,NA,2022-03-01
"455",NA,"Soviet Union","PRV-13 'Odd Pair'","destroyed","https://web.archive.org/web/20220301185329/https://i.postimg.cc/pXwx79Lj/557.png","2022-03-30",105,412,1,NA,2022-03-01
"456",NA,"Soviet Union","1L22 'Parol'","destroyed","https://web.archive.org/web/20220301185329/https://i.postimg.cc/SRjk0C96/6659.png","2022-03-30",106,413,1,NA,2022-03-01
"457",NA,"Soviet Union","1L22 'Parol'","damaged","https://web.archive.org/web/20220301185329/https://postimg.cc/9Dcvz02c","2022-03-30",106,414,3,NA,2022-03-01
"458",NA,"Soviet Union","Su-27 fighter aircraft","destroyed","https://web.archive.org/web/20220301185329/https://i.postimg.cc/XYtMphyC/5h.png","2022-03-30",107,415,1,NA,2022-03-01
"459",NA,"Soviet Union","Su-27 fighter aircraft","destroyed","https://web.archive.org/web/20220301185329/https://i.postimg.cc/bN1TbkjC/46.png","2022-03-30",107,416,1,NA,2022-03-01
"460",NA,"Soviet Union","Su-25 attack aircraft","destroyed","https://web.archive.org/web/20220301185329/https://i.postimg.cc/YC63jp5h/p1.png","2022-03-30",108,417,1,NA,2022-03-01
"461",NA,"Soviet Union","Su-25 attack aircraft","destroyed","https://web.archive.org/web/20220301185329/https://i.postimg.cc/zfqkgsNp/p2.png","2022-03-30",108,418,1,NA,2022-03-01
"462",NA,"Soviet Union","An-26 transport aircraft","destroyed","https://web.archive.org/web/20220301185329/https://i.postimg.cc/rmdB2PLQ/489.png","2022-03-30",65,419,1,NA,2022-03-01
"463",NA,"Ukraine","KrAZ-6322","destroyed","https://web.archive.org/web/20220301185329/https://i.postimg.cc/0QMkBhwk/Screenshot-8021.png","2022-03-30",109,420,1,NA,2022-03-01
"464",NA,"Ukraine","KrAZ-6322","captured","https://web.archive.org/web/20220301185329/https://postimg.cc/0zzW9YYS","2022-03-30",109,421,4,NA,2022-03-01
"465",NA,"Ukraine","KrAZ-6322","captured","https://web.archive.org/web/20220301185329/https://postimg.cc/G9jSKh34","2022-03-30",109,422,4,NA,2022-03-01
"466",NA,"Ukraine","KrAZ-6322","captured","https://web.archive.org/web/20220301185329/https://postimg.cc/v4CPT4hN","2022-03-30",109,423,4,NA,2022-03-01
"467",NA,"Ukraine","KrAZ-6322","captured","https://web.archive.org/web/20220301185329/https://postimg.cc/dLpRmzC7","2022-03-30",109,424,4,NA,2022-03-01
"468",NA,"Ukraine","KrAZ-6322","captured","https://web.archive.org/web/20220301185329/https://postimg.cc/jC9nGySm","2022-03-30",109,425,4,NA,2022-03-01
"469",NA,"Soviet Union","GAZ-66","destroyed","https://web.archive.org/web/20220301185329/https://postimg.cc/PP20VdH5","2022-03-30",71,426,1,NA,2022-03-01
"470",NA,"Soviet Union","GAZ-66","destroyed","https://web.archive.org/web/20220301185329/https://i.postimg.cc/hjdXLc6L/4f.png","2022-03-30",71,427,1,NA,2022-03-01
"471",NA,"Soviet Union","GAZ-66","damaged","https://web.archive.org/web/20220301185329/https://i.postimg.cc/gjhmvGsF/g3.png","2022-03-30",71,428,3,NA,2022-03-01
"472",NA,"Soviet Union","GAZ-66","damaged","https://web.archive.org/web/20220301185329/https://i.postimg.cc/YC0mqTkH/58.png","2022-03-30",71,429,3,NA,2022-03-01
"473",NA,"Soviet Union","GAZ-66","abandoned","https://web.archive.org/web/20220301185329/https://i.postimg.cc/YC0mqTkH/58.png","2022-03-30",71,429,2,NA,2022-03-01
"474",NA,"Soviet Union","GAZ-66","damaged","https://web.archive.org/web/20220301185329/https://i.postimg.cc/gj9TG17c/Screenshot-8228.png","2022-03-30",71,398,3,NA,2022-03-01
"475",NA,"Soviet Union","GAZ-66","abandoned","https://web.archive.org/web/20220301185329/https://i.postimg.cc/gj9TG17c/Screenshot-8228.png","2022-03-30",71,398,2,NA,2022-03-01
"476",NA,"Soviet Union","GAZ-66","abandoned","https://web.archive.org/web/20220301185329/https://i.postimg.cc/qvyKsBvd/Screenshot-8260.png","2022-03-30",71,430,2,NA,2022-03-01
"477",NA,"Soviet Union","GAZ-66","captured","https://web.archive.org/web/20220301185329/https://i.postimg.cc/9MGPZgQM/Screenshot-8017.png","2022-03-30",71,431,4,NA,2022-03-01
"478",NA,"Soviet Union","GAZ-66","captured","https://web.archive.org/web/20220301185329/https://i.postimg.cc/1RVZrFkD/Screenshot-8053.png","2022-03-30",71,432,4,NA,2022-03-01
"479",NA,"Soviet Union","GAZ-66","captured","https://web.archive.org/web/20220301185329/https://i.postimg.cc/jdz0Gbd5/Screenshot-8054.png","2022-03-30",71,433,4,NA,2022-03-01
"480",NA,"Soviet Union","ZiL-131","destroyed","https://web.archive.org/web/20220301185329/https://i.postimg.cc/t4mkVgHr/36.png","2022-03-30",72,434,1,NA,2022-03-01
"481",NA,"Soviet Union","ZiL-131","destroyed","https://web.archive.org/web/20220301185329/https://i.postimg.cc/kgPHnGM8/j8.png","2022-03-30",72,435,1,NA,2022-03-01
"482",NA,"Soviet Union","ZiL-131","destroyed","https://web.archive.org/web/20220301185329/https://i.postimg.cc/yxvN7tc3/69.png","2022-03-30",72,436,1,NA,2022-03-01
"483",NA,"Soviet Union","ZiL-131","abandoned","https://web.archive.org/web/20220301185329/https://i.postimg.cc/0j3LGCqH/Screenshot-8103.png","2022-03-30",72,437,2,NA,2022-03-01
"484",NA,"Soviet Union","Ural-375D","destroyed","https://web.archive.org/web/20220301185329/https://i.postimg.cc/3wXqjPj0/Screenshot-8077.png","2022-03-30",110,438,1,NA,2022-03-01
"485",NA,"Soviet Union","Ural-375D","captured","https://web.archive.org/web/20220301185329/https://i.postimg.cc/FKC8wRyc/Screenshot-8025.png","2022-03-30",110,439,4,NA,2022-03-01
"486",NA,"Soviet Union","Ural-4320","destroyed","https://web.archive.org/web/20220301185329/https://postimg.cc/yJNnspb7","2022-03-30",76,440,1,NA,2022-03-01
"487",NA,"Soviet Union","Ural-4320","captured","https://web.archive.org/web/20220301185329/https://i.postimg.cc/2SHMm16F/456.png","2022-03-30",76,441,4,NA,2022-03-01
"488",NA,"Soviet Union","KamAZ","destroyed","https://web.archive.org/web/20220301185329/https://i.postimg.cc/6pr9sdqZ/Screenshot-8019.png","2022-03-30",111,442,1,NA,2022-03-01
"489",NA,"Soviet Union","MAZ-537","destroyed","https://web.archive.org/web/20220301185329/https://i.postimg.cc/25RJZzWf/Screenshot-8076.png","2022-03-30",112,443,1,NA,2022-03-01
"490",NA,"Belarus","MAZ","destroyed","https://web.archive.org/web/20220301185329/https://i.postimg.cc/nL8S357x/6h.png","2022-03-30",113,444,1,NA,2022-03-01
"491",NA,"Belarus","MAZ","destroyed","https://web.archive.org/web/20220301185329/https://i.postimg.cc/26dvvmgq/t12.png","2022-03-30",113,445,1,NA,2022-03-01
"492",NA,"Belarus","MAZ","destroyed","https://web.archive.org/web/20220301185329/https://i.postimg.cc/g25vbgv0/t11.png","2022-03-30",113,446,1,NA,2022-03-01
"493",NA,"Belarus","MAZ","damaged","https://web.archive.org/web/20220301185329/https://i.postimg.cc/9fRbHBdp/f3.png","2022-03-30",113,447,3,NA,2022-03-01
"494",NA,"Belarus","MAZ","abandoned","https://web.archive.org/web/20220301185329/https://i.postimg.cc/ZRVpWfKB/Screenshot-8260.png","2022-03-30",113,448,2,NA,2022-03-01
"495",NA,"Soviet Union","UAZ-469","captured","https://web.archive.org/web/20220301185329/https://i.postimg.cc/tgpMs65F/Screenshot-8026.png","2022-03-30",114,449,4,NA,2022-03-01
"496",NA,"Ukraine","Unknown truck","destroyed","https://web.archive.org/web/20220301185329/https://i.postimg.cc/vBdfY7td/Screenshot-8019.png","2022-03-30",115,450,1,NA,2022-03-01
"497",NA,"Ukraine","Unknown truck","destroyed","https://web.archive.org/web/20220301185329/https://i.postimg.cc/gj9TG17c/Screenshot-8228.png","2022-03-30",115,398,1,NA,2022-03-01
"498",NA,"Ukraine","Unknown truck","destroyed","https://web.archive.org/web/20220301185329/https://i.postimg.cc/jScSwHTb/Screenshot-8020.png","2022-03-30",115,451,1,NA,2022-03-01
"499",NA,"Ukraine","Unknown truck","abandoned","https://web.archive.org/web/20220301185329/https://i.postimg.cc/28tzT4wY/54.png","2022-03-30",115,452,2,NA,2022-03-01
"500",NA,"Ukraine","Unknown truck","captured","https://web.archive.org/web/20220301185329/https://i.postimg.cc/JnP8Cxr0/Screenshot-8249.png","2022-03-30",115,453,4,NA,2022-03-01
