"","country","origin","system","status","url","date_recorded","sysID","imageID","statusID","matID","Date"
"1",NA,"Soviet Union","T-72B","destroyed","https://web.archive.org/web/20220228231935/https://i.postimg.cc/PqJmywns/890.png","2022-03-30",1,1,1,NA,2022-02-28
"2",NA,"Soviet Union","T-72B","abandoned","https://web.archive.org/web/20220228231935/https://i.postimg.cc/1tvs3GFY/470.png","2022-03-30",1,2,2,NA,2022-02-28
"3",NA,"Soviet Union","T-72B","abandoned","https://web.archive.org/web/20220228231935/https://i.postimg.cc/sfLpFS54/4566.png","2022-03-30",1,3,2,NA,2022-02-28
"4",NA,"Soviet Union","T-72B","damaged","https://web.archive.org/web/20220228231935/https://i.postimg.cc/8zz8WcH7/763.png","2022-03-30",1,4,3,NA,2022-02-28
"5",NA,"Soviet Union","T-72B","abandoned","https://web.archive.org/web/20220228231935/https://i.postimg.cc/8zz8WcH7/763.png","2022-03-30",1,4,2,NA,2022-02-28
"6",NA,"Russia","T-72B Obr. 1989","abandoned","https://web.archive.org/web/20220228231935/https://i.postimg.cc/rsFyfrR7/h8.png","2022-03-30",2,5,2,NA,2022-02-28
"7",NA,"Russia","T-72B Obr. 1989","captured","https://web.archive.org/web/20220228231935/https://i.postimg.cc/NM8vPWBX/669.png","2022-03-30",2,6,4,NA,2022-02-28
"8",NA,"Russia","T-72B3","destroyed","https://web.archive.org/web/20220228231935/https://i.postimg.cc/Xqy5KYn3/55u.png","2022-03-30",3,7,1,NA,2022-02-28
"9",NA,"Russia","T-72B3","destroyed","https://web.archive.org/web/20220228231935/https://i.postimg.cc/9MgnjkFX/6hh.png","2022-03-30",3,8,1,NA,2022-02-28
"10",NA,"Russia","T-72B3","destroyed","https://web.archive.org/web/20220228231935/https://i.postimg.cc/GmwS58bg/436.png","2022-03-30",3,9,1,NA,2022-02-28
"11",NA,"Russia","T-72B3","damaged","https://web.archive.org/web/20220228231935/https://i.postimg.cc/zfTsVnsF/579.png","2022-03-30",3,10,3,NA,2022-02-28
"12",NA,"Russia","T-72B3","captured","https://web.archive.org/web/20220228231935/https://i.postimg.cc/FzSnwdhF/j77.png","2022-03-30",3,11,4,NA,2022-02-28
"13",NA,"Russia","T-72B3M","destroyed","https://web.archive.org/web/20220228231935/https://i.postimg.cc/hGdX1BWT/346.png","2022-03-30",4,12,1,NA,2022-02-28
"14",NA,"Russia","T-72B3M","destroyed","https://web.archive.org/web/20220228231935/https://i.postimg.cc/ZnNgPmr9/3322.png","2022-03-30",4,13,1,NA,2022-02-28
"15",NA,"Russia","T-72B3M","destroyed","https://web.archive.org/web/20220228231935/https://i.postimg.cc/xCm0kLJ2/3325.png","2022-03-30",4,14,1,NA,2022-02-28
"16",NA,"Russia","T-72B3M","destroyed","https://web.archive.org/web/20220228231935/https://i.postimg.cc/3wMf8pTp/b7.png","2022-03-30",4,15,1,NA,2022-02-28
"17",NA,"Russia","T-72B3M","abandoned","https://web.archive.org/web/20220228231935/https://i.postimg.cc/cCWG66n9/557.png","2022-03-30",4,16,2,NA,2022-02-28
"18",NA,"Russia","T-72B3M","abandoned","https://web.archive.org/web/20220228231935/https://i.postimg.cc/Tw9Gx7vp/6682.png","2022-03-30",4,17,2,NA,2022-02-28
"19",NA,"Russia","T-72B3M","abandoned","https://web.archive.org/web/20220228231935/https://i.postimg.cc/prkfqWMs/b4.jpg","2022-03-30",4,18,2,NA,2022-02-28
"20",NA,"Russia","T-72B3M","abandoned","https://web.archive.org/web/20220228231935/https://i.postimg.cc/G3jxcQTv/b55.jpg","2022-03-30",4,19,2,NA,2022-02-28
"21",NA,"Russia","T-72B3M","captured","https://web.archive.org/web/20220228231935/https://i.postimg.cc/Rhx51CZ2/7799.png","2022-03-30",4,20,4,NA,2022-02-28
"22",NA,"Russia","T-72B3M","captured","https://web.archive.org/web/20220228231935/https://i.postimg.cc/nr9T81zN/77644.png","2022-03-30",4,21,4,NA,2022-02-28
"23",NA,"Soviet Union","T-80BV","destroyed","https://web.archive.org/web/20220228231935/https://i.postimg.cc/fRTVS0Tt/7u5.png","2022-03-30",5,22,1,NA,2022-02-28
"24",NA,"Soviet Union","T-80BV","abandoned","https://web.archive.org/web/20220228231935/https://i.postimg.cc/fbx3fPBg/665f.jpg","2022-03-30",5,23,2,NA,2022-02-28
"25",NA,"Soviet Union","T-80BV","abandoned","https://web.archive.org/web/20220228231935/https://i.postimg.cc/X7GD7K2Y/h66.jpg","2022-03-30",5,24,2,NA,2022-02-28
"26",NA,"Soviet Union","T-80BV","captured","https://web.archive.org/web/20220228231935/https://i.postimg.cc/63bVWQwX/470.png","2022-03-30",5,25,4,NA,2022-02-28
"27",NA,"Soviet Union","T-80BV","captured","https://web.archive.org/web/20220228231935/https://i.postimg.cc/1zNj1Pjv/44355.png","2022-03-30",5,26,4,NA,2022-02-28
"28",NA,"Russia","T-80U","destroyed","https://web.archive.org/web/20220228231935/https://i.postimg.cc/TwM0xXnc/6655.png","2022-03-30",6,27,1,NA,2022-02-28
"29",NA,"Russia","T-80U","destroyed","https://web.archive.org/web/20220228231935/https://i.postimg.cc/grFmqjhZ/5te.png","2022-03-30",6,28,1,NA,2022-02-28
"30",NA,"Russia","T-80U","abandoned","https://web.archive.org/web/20220228231935/https://i.postimg.cc/3JSSydML/g43.png","2022-03-30",6,29,2,NA,2022-02-28
"31",NA,"Russia","T-80U","abandoned","https://web.archive.org/web/20220228231935/https://i.postimg.cc/Bb1f2rCj/b8.jpg","2022-03-30",6,30,2,NA,2022-02-28
"32",NA,"Russia","T-80U","abandoned","https://web.archive.org/web/20220228231935/https://i.postimg.cc/XY23SkX7/779.jpg","2022-03-30",6,31,2,NA,2022-02-28
"33",NA,"Russia","T-80U","captured","https://web.archive.org/web/20220228231935/https://i.postimg.cc/7LFzTNhH/5466.png","2022-03-30",6,32,4,NA,2022-02-28
"34",NA,"Russia","T-80U","captured","https://web.archive.org/web/20220228231935/https://i.postimg.cc/cJVPv63q/4432.png","2022-03-30",6,33,4,NA,2022-02-28
"35",NA,"Russia","T-80UD","captured","https://web.archive.org/web/20220228231935/https://i.postimg.cc/wvpsxc0S/33555.png","2022-03-30",7,34,4,NA,2022-02-28
"36",NA,"Russia","T-80BVM","destroyed","https://web.archive.org/web/20220228231935/https://i.postimg.cc/2y474krg/336.png","2022-03-30",8,35,1,NA,2022-02-28
"37",NA,"Russia","T-90A","destroyed","https://web.archive.org/web/20220228231935/https://i.postimg.cc/R0vMN6Q3/546.png","2022-03-30",9,36,1,NA,2022-02-28
"38",NA,"Russia","T-90A","destroyed","https://web.archive.org/web/20220228231935/https://i.postimg.cc/nM8jX4k8/5422.png","2022-03-30",9,37,1,NA,2022-02-28
"39",NA,"Russia","T-90A","abandoned","https://web.archive.org/web/20220228231935/https://i.postimg.cc/GtnT2PKW/Screenshot-8353.png","2022-03-30",9,38,2,NA,2022-02-28
"40",NA,"Russia","T-90A","abandoned","https://web.archive.org/web/20220228231935/https://i.postimg.cc/g2mHhvzp/901.png","2022-03-30",9,39,2,NA,2022-02-28
"41",NA,"Russia","T-90A","abandoned","https://web.archive.org/web/20220228231935/https://i.postimg.cc/Zq03PHXG/902.jpg","2022-03-30",9,40,2,NA,2022-02-28
"42",NA,"Soviet Union","BRM-1K","destroyed","https://web.archive.org/web/20220228231935/https://postimg.cc/bGSbfRQm","2022-03-30",10,41,1,NA,2022-02-28
"43",NA,"Soviet Union","BMP-1Khs","abandoned","https://web.archive.org/web/20220228231935/https://i.postimg.cc/6qdwks4D/n7.jpg","2022-03-30",11,42,2,NA,2022-02-28
"44",NA,"Soviet Union","MT-LB","destroyed","https://web.archive.org/web/20220228231935/https://i.postimg.cc/2SJG2hyJ/9po.png","2022-03-30",12,43,1,NA,2022-02-28
"45",NA,"Soviet Union","MT-LB","destroyed","https://web.archive.org/web/20220228231935/https://i.postimg.cc/0QPGdgX4/6658.png","2022-03-30",12,44,1,NA,2022-02-28
"46",NA,"Soviet Union","MT-LB","destroyed","https://web.archive.org/web/20220228231935/https://i.postimg.cc/XvpJbF2W/k9.png","2022-03-30",12,45,1,NA,2022-02-28
"47",NA,"Soviet Union","MT-LB","destroyed","https://web.archive.org/web/20220228231935/https://i.postimg.cc/52P7zGLB/654.png","2022-03-30",12,46,1,NA,2022-02-28
"48",NA,"Soviet Union","MT-LB","destroyed","https://web.archive.org/web/20220228231935/https://i.postimg.cc/D0fPPSmY/658.png","2022-03-30",12,47,1,NA,2022-02-28
"49",NA,"Soviet Union","MT-LB","abandoned","https://web.archive.org/web/20220228231935/https://i.postimg.cc/GpG26n3R/446.png","2022-03-30",12,48,2,NA,2022-02-28
"50",NA,"Soviet Union","MT-LB","abandoned","https://web.archive.org/web/20220228231935/https://i.postimg.cc/522wW2TJ/h6.png","2022-03-30",12,49,2,NA,2022-02-28
"51",NA,"Soviet Union","MT-LB","captured","https://web.archive.org/web/20220228231935/https://i.postimg.cc/P5M1XV5z/58.png","2022-03-30",12,50,4,NA,2022-02-28
"52",NA,"Soviet Union","MT-LB","captured","https://web.archive.org/web/20220228231935/https://i.postimg.cc/hjqg1p15/680.png","2022-03-30",12,51,4,NA,2022-02-28
"53",NA,"Soviet Union","MT-LB","captured","https://web.archive.org/web/20220228231935/https://i.postimg.cc/R0zbsmLL/6659.png","2022-03-30",12,52,4,NA,2022-02-28
"54",NA,"Soviet Union","MT-LB","captured","https://web.archive.org/web/20220228231935/https://i.postimg.cc/MGBV9R2s/4fs.png","2022-03-30",12,53,4,NA,2022-02-28
"55",NA,"Soviet Union","MT-LB","captured","https://web.archive.org/web/20220228231935/https://i.postimg.cc/1tVLvyy0/764.png","2022-03-30",12,54,4,NA,2022-02-28
"56",NA,"Soviet Union","MT-LB","captured","https://web.archive.org/web/20220228231935/https://i.postimg.cc/zBSQCqs2/b5.png","2022-03-30",12,55,4,NA,2022-02-28
"57",NA,"Soviet Union","MT-LB with ZU-23 AA gun","destroyed","https://web.archive.org/web/20220228231935/https://postimg.cc/kVDPCNz0","2022-03-30",13,56,1,NA,2022-02-28
"58",NA,"Soviet Union","MT-LBu","destroyed","https://web.archive.org/web/20220228231935/https://i.postimg.cc/NfqgFR94/h65.png","2022-03-30",14,57,1,NA,2022-02-28
"59",NA,"Soviet Union","MT-LBu","abandoned","https://web.archive.org/web/20220228231935/https://i.postimg.cc/fTrQXZpK/g2.jpg","2022-03-30",14,58,2,NA,2022-02-28
"60",NA,"Soviet Union","MT-LBu","captured","https://web.archive.org/web/20220228231935/https://i.postimg.cc/pV5ZRVDR/5548.png","2022-03-30",14,59,4,NA,2022-02-28
"61",NA,"Soviet Union","1V13 battery fire control center","abandoned","https://web.archive.org/web/20220228231935/https://i.postimg.cc/CxMBs7WF/436.png","2022-03-30",15,60,2,NA,2022-02-28
"62",NA,"Soviet Union","2S1 Gvozdika with ZU-23 AA gun","captured","https://web.archive.org/web/20220228231935/https://i.postimg.cc/Yq5q4HcW/88kj.png","2022-03-30",16,61,4,NA,2022-02-28
"63",NA,"Soviet Union","9P149 Shturm-S ATGM carrier","destroyed","https://web.archive.org/web/20220228231935/https://i.postimg.cc/FKPZs7Ws/874.png","2022-03-30",17,62,1,NA,2022-02-28
"64",NA,"Russia","R-149MA1 unified command and staff vehicle","destroyed","https://web.archive.org/web/20220228231935/https://i.postimg.cc/gjrp8521/553.jpg","2022-03-30",18,63,1,NA,2022-02-28
"65",NA,"Russia","R-149MA1 unified command and staff vehicle","abandoned","https://web.archive.org/web/20220228231935/https://i.postimg.cc/TY9CCkH1/h6n.jpg","2022-03-30",18,64,2,NA,2022-02-28
"66",NA,"Russia","R-149MA1 unified command and staff vehicle","captured","https://web.archive.org/web/20220228231935/https://i.postimg.cc/hG5hhQJp/59.png","2022-03-30",18,65,4,NA,2022-02-28
"67",NA,"Russia","R-149MA1 unified command and staff vehicle","captured","https://web.archive.org/web/20220228231935/https://i.postimg.cc/kgBKhrFT/884.png","2022-03-30",18,66,4,NA,2022-02-28
"68",NA,"Soviet Union","Unknown BTR-D/BMD-2","destroyed","https://web.archive.org/web/20220228231935/https://i.postimg.cc/FzfBpQX5/br1.jpg","2022-03-30",19,67,1,NA,2022-02-28
"69",NA,"Soviet Union","Unknown BTR-D/BMD-2","destroyed","https://web.archive.org/web/20220228231935/https://i.postimg.cc/kM6Cw0cg/br2.jpg","2022-03-30",19,68,1,NA,2022-02-28
"70",NA,"Soviet Union","Unknown BTR-D/BMD-2","destroyed","https://web.archive.org/web/20220228231935/https://i.postimg.cc/d31jmRdh/77690.jpg","2022-03-30",19,69,1,NA,2022-02-28
"71",NA,"Soviet Union","Unknown BTR-D/BMD-2","destroyed","https://web.archive.org/web/20220228231935/https://i.postimg.cc/KvqgC9sz/o9.png","2022-03-30",19,70,1,NA,2022-02-28
"72",NA,"Soviet Union","Unknown BTR-D/BMD-2","destroyed","https://web.archive.org/web/20220228231935/https://i.postimg.cc/9FMZcjhj/c7.png","2022-03-30",19,71,1,NA,2022-02-28
"73",NA,"Soviet Union","Unknown BTR-D/BMD-2","destroyed","https://web.archive.org/web/20220228231935/https://i.postimg.cc/QdK7WkC4/c6.png","2022-03-30",19,72,1,NA,2022-02-28
"74",NA,"Soviet Union","BMP-2","destroyed","https://web.archive.org/web/20220228231935/https://i.postimg.cc/RCtc2sB0/554.png","2022-03-30",20,73,1,NA,2022-02-28
"75",NA,"Soviet Union","BMP-2","destroyed","https://web.archive.org/web/20220228231935/https://i.postimg.cc/26qYmmgL/668.png","2022-03-30",20,74,1,NA,2022-02-28
"76",NA,"Soviet Union","BMP-2","destroyed","https://web.archive.org/web/20220228231935/https://i.postimg.cc/43mvcd15/b1.png","2022-03-30",20,75,1,NA,2022-02-28
"77",NA,"Soviet Union","BMP-2","destroyed","https://web.archive.org/web/20220228231935/https://i.postimg.cc/NMX1NzS2/b2.png","2022-03-30",20,76,1,NA,2022-02-28
"78",NA,"Soviet Union","BMP-2","destroyed","https://web.archive.org/web/20220228231935/https://i.postimg.cc/7Z1483JC/4433.png","2022-03-30",20,77,1,NA,2022-02-28
"79",NA,"Soviet Union","BMP-2","destroyed","https://web.archive.org/web/20220228231935/https://i.postimg.cc/vHXP8qy9/65.png","2022-03-30",20,78,1,NA,2022-02-28
"80",NA,"Soviet Union","BMP-2","damaged","https://web.archive.org/web/20220228231935/https://i.postimg.cc/vBy9TRg0/77699.png","2022-03-30",20,79,3,NA,2022-02-28
"81",NA,"Soviet Union","BMP-2","abandoned","https://web.archive.org/web/20220228231935/https://i.postimg.cc/vBy9TRg0/77699.png","2022-03-30",20,79,2,NA,2022-02-28
"82",NA,"Soviet Union","BMP-2","damaged","https://web.archive.org/web/20220228231935/https://i.postimg.cc/XYyYKfsy/Screenshot-8236.png","2022-03-30",20,80,3,NA,2022-02-28
"83",NA,"Soviet Union","BMP-2","abandoned","https://web.archive.org/web/20220228231935/https://i.postimg.cc/XYyYKfsy/Screenshot-8236.png","2022-03-30",20,80,2,NA,2022-02-28
"84",NA,"Soviet Union","BMP-2","damaged","https://web.archive.org/web/20220228231935/https://i.postimg.cc/2jX5hmCS/u1.jpg","2022-03-30",20,81,3,NA,2022-02-28
"85",NA,"Soviet Union","BMP-2","abandoned","https://web.archive.org/web/20220228231935/https://i.postimg.cc/2jX5hmCS/u1.jpg","2022-03-30",20,81,2,NA,2022-02-28
"86",NA,"Soviet Union","BMP-2","abandoned","https://web.archive.org/web/20220228231935/https://i.postimg.cc/5NY2mGtq/u2.jpg","2022-03-30",20,82,2,NA,2022-02-28
"87",NA,"Soviet Union","BMP-2","abandoned","https://web.archive.org/web/20220228231935/https://i.postimg.cc/BQzv1YB0/Screenshot-8238.png","2022-03-30",20,83,2,NA,2022-02-28
"88",NA,"Soviet Union","BMP-2","abandoned","https://web.archive.org/web/20220228231935/https://i.postimg.cc/tJM8dQNL/h77.png","2022-03-30",20,84,2,NA,2022-02-28
"89",NA,"Soviet Union","BMP-2","abandoned","https://web.archive.org/web/20220228231935/https://i.postimg.cc/zBg2tRx0/436.png","2022-03-30",20,85,2,NA,2022-02-28
"90",NA,"Soviet Union","BMP-2","abandoned","https://web.archive.org/web/20220228231935/https://i.postimg.cc/brfCKNM8/437.png","2022-03-30",20,86,2,NA,2022-02-28
"91",NA,"Soviet Union","BMP-2","damaged","https://web.archive.org/web/20220228231935/https://i.postimg.cc/RhxT6Pz9/663.png","2022-03-30",20,87,3,NA,2022-02-28
"92",NA,"Soviet Union","BMP-2","captured","https://web.archive.org/web/20220228231935/https://i.postimg.cc/RhxT6Pz9/663.png","2022-03-30",20,87,4,NA,2022-02-28
"93",NA,"Soviet Union","BMP-2","captured","https://web.archive.org/web/20220228231935/https://i.postimg.cc/T1HJcX0f/776.png","2022-03-30",20,88,4,NA,2022-02-28
"94",NA,"Soviet Union","BMP-2","captured","https://web.archive.org/web/20220228231935/https://i.postimg.cc/QtN7DcKC/559.png","2022-03-30",20,89,4,NA,2022-02-28
"95",NA,"Soviet Union","BMP-2","captured","https://web.archive.org/web/20220228231935/https://i.postimg.cc/Zn38wp9q/680.png","2022-03-30",20,90,4,NA,2022-02-28
"96",NA,"Russia","BMP-3","abandoned","https://web.archive.org/web/20220228231935/https://i.postimg.cc/RCbVXLw4/3344.png","2022-03-30",21,91,2,NA,2022-02-28
"97",NA,"Russia","BMP-3","abandoned","https://web.archive.org/web/20220228231935/https://i.postimg.cc/C1xS4R1R/332222.png","2022-03-30",21,92,2,NA,2022-02-28
"98",NA,"Russia","BMP-3","captured","https://web.archive.org/web/20220228231935/https://i.postimg.cc/gc3DsCqV/Screenshot-8343.png","2022-03-30",21,93,4,NA,2022-02-28
"99",NA,"Russia","BMP-3","captured","https://web.archive.org/web/20220228231935/https://i.postimg.cc/yYBTbLvw/Screenshot-8345.png","2022-03-30",21,94,4,NA,2022-02-28
"100",NA,"Soviet Union","BMD-2","destroyed","https://web.archive.org/web/20220228231935/https://i.postimg.cc/QtD182qg/tt6.jpg","2022-03-30",22,95,1,NA,2022-02-28
"101",NA,"Soviet Union","BMD-2","damaged","https://web.archive.org/web/20220228231935/https://i.postimg.cc/hvdB25Hw/j2.jpg","2022-03-30",22,96,3,NA,2022-02-28
"102",NA,"Soviet Union","BMD-2","abandoned","https://web.archive.org/web/20220228231935/https://i.postimg.cc/hvdB25Hw/j2.jpg","2022-03-30",22,96,2,NA,2022-02-28
"103",NA,"Soviet Union","BMD-2","abandoned","https://web.archive.org/web/20220228231935/https://i.postimg.cc/xjLsrGfV/79.png","2022-03-30",22,97,2,NA,2022-02-28
"104",NA,"Soviet Union","BMD-2","abandoned","https://web.archive.org/web/20220228231935/https://i.postimg.cc/W4N1CS83/v1.png","2022-03-30",22,98,2,NA,2022-02-28
"105",NA,"Soviet Union","BMD-2","abandoned","https://web.archive.org/web/20220228231935/https://i.postimg.cc/R0G3QWB8/g6.jpg","2022-03-30",22,99,2,NA,2022-02-28
"106",NA,"Soviet Union","BMD-2","abandoned","https://web.archive.org/web/20220228231935/https://i.postimg.cc/yxkdsj2X/8879.jpg","2022-03-30",22,100,2,NA,2022-02-28
"107",NA,"Soviet Union","BMD-2","damaged","https://web.archive.org/web/20220228231935/https://i.postimg.cc/MTmVp6Hz/c5.png","2022-03-30",22,101,3,NA,2022-02-28
"108",NA,"Soviet Union","BMD-2","captured","https://web.archive.org/web/20220228231935/https://i.postimg.cc/MTmVp6Hz/c5.png","2022-03-30",22,101,4,NA,2022-02-28
"109",NA,"Soviet Union","BMD-2","captured","https://web.archive.org/web/20220228231935/https://i.postimg.cc/rssnsRcT/5799.png","2022-03-30",22,102,4,NA,2022-02-28
"110",NA,"Russia","BMD-4M","destroyed","https://web.archive.org/web/20220228231935/https://i.postimg.cc/gjmtWttx/548.png","2022-03-30",23,103,1,NA,2022-02-28
"111",NA,"Russia","BMD-4M","abandoned","https://i.postimg.cc/MZy05BrN/674.png","2022-03-30",23,104,2,NA,2022-02-28
"112",NA,"Russia","BTR-82A","destroyed","https://web.archive.org/web/20220228231935/https://i.postimg.cc/85gFCPXs/bb1.png","2022-03-30",24,105,1,NA,2022-02-28
"113",NA,"Russia","BTR-82A","destroyed","https://web.archive.org/web/20220228231935/https://i.postimg.cc/kXQV46L8/gg5.jpg","2022-03-30",24,106,1,NA,2022-02-28
"114",NA,"Russia","BTR-82A","destroyed","https://web.archive.org/web/20220228231935/https://i.postimg.cc/fLfVC59M/o9.png","2022-03-30",24,107,1,NA,2022-02-28
"115",NA,"Russia","BTR-82A","abandoned","https://web.archive.org/web/20220228231935/https://i.postimg.cc/J01GbYLL/bb2.png","2022-03-30",24,108,2,NA,2022-02-28
"116",NA,"Russia","BTR-82A","abandoned","https://web.archive.org/web/20220228231935/https://i.postimg.cc/bJDw1Gdq/46.png","2022-03-30",24,109,2,NA,2022-02-28
"117",NA,"Russia","BTR-82A","abandoned","https://web.archive.org/web/20220228231935/https://i.postimg.cc/Kc32fSfv/6658.png","2022-03-30",24,110,2,NA,2022-02-28
"118",NA,"Russia","BTR-82A","damaged","https://web.archive.org/web/20220228231935/https://i.postimg.cc/j5kxgNCW/g66.jpg","2022-03-30",24,111,3,NA,2022-02-28
"119",NA,"Russia","BTR-82A","abandoned","https://web.archive.org/web/20220228231935/https://i.postimg.cc/j5kxgNCW/g66.jpg","2022-03-30",24,111,2,NA,2022-02-28
"120",NA,"Russia","BTR-82A","damaged","https://web.archive.org/web/20220228231935/https://i.postimg.cc/BbS69p4N/66588.png","2022-03-30",24,112,3,NA,2022-02-28
"121",NA,"Russia","BTR-82A","captured","https://web.archive.org/web/20220228231935/https://i.postimg.cc/BbS69p4N/66588.png","2022-03-30",24,112,4,NA,2022-02-28
"122",NA,"Russia","BTR-82A","captured","https://web.archive.org/web/20220228231935/https://i.postimg.cc/vmkFs4Bx/4437.png","2022-03-30",24,113,4,NA,2022-02-28
"123",NA,"Soviet Union","BTR-80","destroyed","https://web.archive.org/web/20220228231935/https://i.postimg.cc/Dwp3QN7Q/Screenshot-8275.png","2022-03-30",25,114,1,NA,2022-02-28
"124",NA,"Soviet Union","BTR-80","destroyed","https://web.archive.org/web/20220228231935/https://i.postimg.cc/nzTPBQHM/n1.png","2022-03-30",25,115,1,NA,2022-02-28
"125",NA,"Soviet Union","BTR-80","captured","https://web.archive.org/web/20220228231935/https://i.postimg.cc/cJCm25Z1/n2.png","2022-03-30",25,116,4,NA,2022-02-28
"126",NA,"Soviet Union","BTR-D","destroyed","https://web.archive.org/web/20220228231935/https://i.postimg.cc/J4crJP7d/46.png","2022-03-30",26,117,1,NA,2022-02-28
"127",NA,"Soviet Union","BTR-D","destroyed","https://web.archive.org/web/20220228231935/https://i.postimg.cc/T2VG5ZJL/x3.jpg","2022-03-30",26,118,1,NA,2022-02-28
"128",NA,"Soviet Union","BTR-D","destroyed","https://web.archive.org/web/20220228231935/https://i.postimg.cc/hvBB3rct/x2.jpg","2022-03-30",26,119,1,NA,2022-02-28
"129",NA,"Soviet Union","BTR-D","abandoned","https://web.archive.org/web/20220228231935/https://i.postimg.cc/W3rVnKRy/x1.jpg","2022-03-30",26,120,2,NA,2022-02-28
"130",NA,"Soviet Union","BTR-D","abandoned","https://web.archive.org/web/20220228231935/https://i.postimg.cc/nzH4n8F8/6659.jpg","2022-03-30",26,121,2,NA,2022-02-28
"131",NA,"Soviet Union","BTR-D","abandoned","https://web.archive.org/web/20220228231935/https://i.postimg.cc/cHHvDd1J/g7.jpg","2022-03-30",26,122,2,NA,2022-02-28
"132",NA,"Soviet Union","BTR-D","abandoned","https://web.archive.org/web/20220228231935/https://i.postimg.cc/Y9V7fHyY/j1.jpg","2022-03-30",26,123,2,NA,2022-02-28
"133",NA,"Soviet Union","BTR-D","abandoned","https://web.archive.org/web/20220228231935/https://i.postimg.cc/Vk3585Qr/547.png","2022-03-30",26,124,2,NA,2022-02-28
"134",NA,"Soviet Union","BTR-D","captured","https://web.archive.org/web/20220228231935/https://i.postimg.cc/kgBKhrFT/884.png","2022-03-30",26,66,4,NA,2022-02-28
"135",NA,"Soviet Union","BTR-D","captured","https://web.archive.org/web/20220228231935/https://i.postimg.cc/bN80m24w/6688.png","2022-03-30",26,125,4,NA,2022-02-28
"136",NA,"Russia","KamAZ-63968 Typhoon","destroyed","https://web.archive.org/web/20220228231935/https://i.postimg.cc/T2Sqz4Dw/h7.png","2022-03-30",27,126,1,NA,2022-02-28
"137",NA,"Russia","KamAZ-63968 Typhoon","captured","https://web.archive.org/web/20220228231935/https://postlmg.cc/sGfMhkCN","2022-03-30",27,127,4,NA,2022-02-28
"138",NA,"Russia","KamAZ-63968 Typhoon","captured","https://web.archive.org/web/20220228231935/https://i.postimg.cc/8c2xJRvB/570.png","2022-03-30",27,128,4,NA,2022-02-28
"139",NA,"Russia","GAZ Tigr-M","destroyed","https://web.archive.org/web/20220228231935/https://i.postimg.cc/W1VpzFcv/5578.png","2022-03-30",28,129,1,NA,2022-02-28
"140",NA,"Russia","GAZ Tigr-M","destroyed","https://web.archive.org/web/20220228231935/https://postimg.cc/f3bh0QRp","2022-03-30",28,130,1,NA,2022-02-28
"141",NA,"Russia","GAZ Tigr-M","destroyed","https://web.archive.org/web/20220228231935/https://i.postimg.cc/RFjRh5VD/776d.png","2022-03-30",28,131,1,NA,2022-02-28
"142",NA,"Russia","GAZ Tigr-M","destroyed","https://web.archive.org/web/20220228231935/https://postimg.cc/jnsX0hVw","2022-03-30",28,132,1,NA,2022-02-28
"143",NA,"Russia","GAZ Tigr-M","destroyed","https://web.archive.org/web/20220228231935/https://i.postimg.cc/26Q08q6c/m9.png","2022-03-30",28,133,1,NA,2022-02-28
"144",NA,"Russia","GAZ Tigr-M","destroyed","https://web.archive.org/web/20220228231935/https://i.postimg.cc/XYsxrSnW/Screenshot-8293.png","2022-03-30",28,134,1,NA,2022-02-28
"145",NA,"Russia","GAZ Tigr-M","destroyed","https://web.archive.org/web/20220228231935/https://i.postimg.cc/pVGgCB1P/449.png","2022-03-30",28,135,1,NA,2022-02-28
"146",NA,"Russia","GAZ Tigr-M","destroyed","https://web.archive.org/web/20220228231935/https://i.postimg.cc/5trrQyZ5/435.png","2022-03-30",28,136,1,NA,2022-02-28
"147",NA,"Russia","GAZ Tigr-M","destroyed","https://web.archive.org/web/20220228231935/https://i.postimg.cc/7YDqZt1H/4435.png","2022-03-30",28,137,1,NA,2022-02-28
"148",NA,"Russia","GAZ Tigr-M","damaged","https://web.archive.org/web/20220228231935/https://i.postimg.cc/ZKDrDbck/85.png","2022-03-30",28,138,3,NA,2022-02-28
"149",NA,"Russia","GAZ Tigr-M","abandoned","https://web.archive.org/web/20220228231935/https://postimg.cc/KKD3Shmf","2022-03-30",28,139,2,NA,2022-02-28
"150",NA,"Russia","GAZ Tigr-M","captured","https://web.archive.org/web/20220228231935/https://i.postimg.cc/JzBRKYtc/5j.png","2022-03-30",28,140,4,NA,2022-02-28
"151",NA,"Russia","GAZ Tigr-M","captured","https://web.archive.org/web/20220228231935/https://i.postimg.cc/dVQxVhc7/58p.png","2022-03-30",28,141,4,NA,2022-02-28
"152",NA,"Russia","GAZ Tigr-M","captured","https://web.archive.org/web/20220228231935/https://i.postimg.cc/BbVkvq1j/450.png","2022-03-30",28,142,4,NA,2022-02-28
"153",NA,"Russia","GAZ Tigr-M","captured","https://web.archive.org/web/20220228231935/https://i.postimg.cc/fyL1Z3k4/448.png","2022-03-30",28,143,4,NA,2022-02-28
"154",NA,"Russia","GAZ Tigr-M","captured","https://web.archive.org/web/20220228231935/https://i.postimg.cc/X7HWmbHB/7762.png","2022-03-30",28,144,4,NA,2022-02-28
"155",NA,"Russia","Iveco LMV 'Rys'","destroyed","https://web.archive.org/web/20220228231935/https://i.postimg.cc/TPmCH0KS/ff2.png","2022-03-30",29,145,1,NA,2022-02-28
"156",NA,"Russia","Iveco LMV 'Rys'","captured","https://web.archive.org/web/20220228231935/https://i.postimg.cc/C5gfTFhF/680o.png","2022-03-30",29,146,4,NA,2022-02-28
"157",NA,"Russia","R-419L1 communication station","abandoned","https://web.archive.org/web/20220228231935/https://i.postimg.cc/HWF2jVg6/5588.png","2022-03-30",30,147,2,NA,2022-02-28
"158",NA,"Russia","KamAZ 6x6","damaged","https://web.archive.org/web/20220228231935/https://i.postimg.cc/DfxxKLnD/84.png","2022-03-30",31,148,3,NA,2022-02-28
"159",NA,"Russia","KamAZ 6x6","captured","https://web.archive.org/web/20220228231935/https://i.postimg.cc/DfxxKLnD/84.png","2022-03-30",31,148,4,NA,2022-02-28
"160",NA,"Soviet Union","UR-77 'Meterorit'","abandoned","https://web.archive.org/web/20220228231935/https://i.postimg.cc/mkmwnq7g/760.png","2022-03-30",32,149,2,NA,2022-02-28
"161",NA,"Soviet Union","BREM-K armoured recovery vehicle","captured","https://web.archive.org/web/20220228231935/https://i.postimg.cc/mkmwnq7g/760.png","2022-03-30",33,149,4,NA,2022-02-28
"162",NA,"Soviet Union","IMR-2 combat engineering vehicle","destroyed","https://web.archive.org/web/20220228231935/https://i.postimg.cc/xdbysNZ7/5548.png","2022-03-30",34,150,1,NA,2022-02-28
"163",NA,"Soviet Union","TMM-3 bridge layer","destroyed","https://web.archive.org/web/20220228231935/https://i.postimg.cc/HxVW1CCJ/Screenshot-8212.png","2022-03-30",35,151,1,NA,2022-02-28
"164",NA,"Soviet Union","TMM-3 bridge layer","captured","https://web.archive.org/web/20220228231935/https://i.postimg.cc/FRhY7mzP/75.png","2022-03-30",35,152,4,NA,2022-02-28
"165",NA,"Soviet Union","TMM-3 bridge layer","captured","https://web.archive.org/web/20220228231935/https://i.postimg.cc/X7wjb8tg/Screenshot-8214.png","2022-03-30",35,153,4,NA,2022-02-28
"166",NA,"Soviet Union","TMM-3 bridge layer","captured","https://web.archive.org/web/20220228231935/https://i.postimg.cc/Y0Fpjf0M/Screenshot-8216.png","2022-03-30",35,154,4,NA,2022-02-28
"167",NA,"Soviet Union","TMM-3 bridge layer","captured","https://web.archive.org/web/20220228231935/https://i.postimg.cc/FHN9sS4X/Screenshot-8217.png","2022-03-30",35,155,4,NA,2022-02-28
"168",NA,"Soviet Union","PMP floating bridge","destroyed","https://web.archive.org/web/20220228231935/https://i.postimg.cc/2SK7crq5/4g.png","2022-03-30",36,156,1,NA,2022-02-28
"169",NA,"Russia","KamAZ-5350 with EOV-3523 excavator","captured","https://web.archive.org/web/20220228231935/https://i.postimg.cc/bvhJB8xz/774.png","2022-03-30",37,157,4,NA,2022-02-28
"170",NA,"Russia","KamAZ-5350 with EOV-3523 excavator","captured","https://web.archive.org/web/20220228231935/https://i.postimg.cc/dQZQWvBp/Screenshot-8218.png","2022-03-30",37,158,4,NA,2022-02-28
"171",NA,"Russia","KamAZ-5350 with EOV-3523 excavator","captured","https://web.archive.org/web/20220228231935/https://i.postimg.cc/T30TyPdL/Screenshot-8219.png","2022-03-30",37,159,4,NA,2022-02-28
"172",NA,"Russia","KamAZ-5350 with crane","destroyed","https://web.archive.org/web/20220228231935/https://i.postimg.cc/zXtR3QK8/744.png","2022-03-30",38,160,1,NA,2022-02-28
"173",NA,"Russia","Ural-4320 Wrecker","damaged","https://web.archive.org/web/20220228231935/https://i.postimg.cc/SsQHDVNQ/5579.png","2022-03-30",39,161,3,NA,2022-02-28
"174",NA,"Russia","Ural-4320 Wrecker","captured","https://web.archive.org/web/20220228231935/https://i.postimg.cc/SsQHDVNQ/5579.png","2022-03-30",39,161,4,NA,2022-02-28
"175",NA,"Soviet Union","9M113 Konkurs","captured","https://web.archive.org/web/20220228231935/https://i.postimg.cc/1RfB2NxM/347.png","2022-03-30",40,162,4,NA,2022-02-28
"176",NA,"Soviet Union","9M113 Konkurs","captured","https://web.archive.org/web/20220228231935/https://i.postimg.cc/W4N1CS83/v1.png","2022-03-30",40,98,4,NA,2022-02-28
"177",NA,"Soviet Union","9М131F Metis-M1","captured","https://web.archive.org/web/20220228231935/https://i.postimg.cc/kMwP5WQ0/8k.png","2022-03-30",41,163,4,NA,2022-02-28
"178",NA,"Soviet Union","9K38 Igla","captured","https://web.archive.org/web/20220228231935/https://i.postimg.cc/HLgyxQ2D/v2.png","2022-03-30",42,164,4,NA,2022-02-28
"179",NA,"Soviet Union","120mm 2B11/2S12","captured","https://web.archive.org/web/20220228231935/https://i.postimg.cc/SKhJwYXP/4703.png","2022-03-30",43,165,4,NA,2022-02-28
"180",NA,"Russia","120mm 2B11/2S12A","captured","https://web.archive.org/web/20220228231935/https://i.postimg.cc/x11CC0NR/550.png","2022-03-30",44,166,4,NA,2022-02-28
"181",NA,"Soviet Union","152mm 2A65 Msta-B howitzer","destroyed","https://web.archive.org/web/20220228231935/https://i.postimg.cc/prGV0k4f/Screenshot-8069.png","2022-03-30",45,167,1,NA,2022-02-28
"182",NA,"Soviet Union","152mm 2A65 Msta-B howitzer","destroyed","https://web.archive.org/web/20220228231935/https://i.postimg.cc/05cN22jz/Screenshot-8075.png","2022-03-30",45,168,1,NA,2022-02-28
"183",NA,"Soviet Union","152mm 2A65 Msta-B howitzer","damaged","https://web.archive.org/web/20220228231935/https://i.postimg.cc/yYx8J43v/Screenshot-8073.png","2022-03-30",45,169,3,NA,2022-02-28
"184",NA,"Soviet Union","152mm 2A65 Msta-B howitzer","captured","https://web.archive.org/web/20220228231935/https://i.postimg.cc/yYx8J43v/Screenshot-8073.png","2022-03-30",45,169,4,NA,2022-02-28
"185",NA,"Soviet Union","152mm 2A65 Msta-B howitzer","captured","https://web.archive.org/web/20220228231935/https://postimg.cc/q6CYJkkd","2022-03-30",45,170,4,NA,2022-02-28
"186",NA,"Soviet Union","120mm 2S9 Nona","destroyed","https://web.archive.org/web/20220228231935/https://i.postimg.cc/TPknCLcF/55433.jpg","2022-03-30",46,171,1,NA,2022-02-28
"187",NA,"Soviet Union","152mm 2S3 Akatsiya","abandoned","https://web.archive.org/web/20220228231935/https://i.postimg.cc/XqKGyZDp/Screenshot-8354.png","2022-03-30",47,172,2,NA,2022-02-28
"188",NA,"Soviet Union","152mm 2S3 Akatsiya","abandoned","https://web.archive.org/web/20220228231935/https://i.postimg.cc/zD2FmSBx/j76.png","2022-03-30",47,173,2,NA,2022-02-28
"189",NA,"Soviet Union","152mm 2S19 Msta-S","abandoned","https://web.archive.org/web/20220228231935/https://i.postimg.cc/VkNQR04y/2r.jpg","2022-03-30",48,174,2,NA,2022-02-28
"190",NA,"Soviet Union","152mm 2S19 Msta-S","captured","https://web.archive.org/web/20220228231935/https://i.postimg.cc/2Sk1L977/66534.jpg","2022-03-30",48,175,4,NA,2022-02-28
"191",NA,"Soviet Union","122mm BM-21 'Grad'","destroyed","https://web.archive.org/web/20220228231935/https://i.postimg.cc/8c0jfFn1/b6.png","2022-03-30",49,176,1,NA,2022-02-28
"192",NA,"Soviet Union","122mm BM-21 'Grad'","destroyed","https://web.archive.org/web/20220228231935/https://i.postimg.cc/B65zvHbK/b6.png","2022-03-30",49,177,1,NA,2022-02-28
"193",NA,"Soviet Union","122mm BM-21 'Grad'","damaged","https://web.archive.org/web/20220228231935/https://i.postimg.cc/s2wR9DPH/768.png","2022-03-30",49,178,3,NA,2022-02-28
"194",NA,"Soviet Union","122mm BM-21 'Grad'","captured","https://web.archive.org/web/20220228231935/https://i.postimg.cc/s2wR9DPH/768.png","2022-03-30",49,178,4,NA,2022-02-28
"195",NA,"Soviet Union","122mm BM-21 'Grad'","captured","https://web.archive.org/web/20220228231935/https://i.postimg.cc/xCF0twG5/b6.png","2022-03-30",49,179,4,NA,2022-02-28
"196",NA,"Soviet Union","122mm BM-21 'Grad'","captured","https://web.archive.org/web/20220228231935/https://i.postimg.cc/DZ0Q5pHc/6652.png","2022-03-30",49,180,4,NA,2022-02-28
"197",NA,"Russia","2K22M1 Tunguska","damaged","https://web.archive.org/web/20220228231935/https://i.postimg.cc/9MqLyHJZ/764.png","2022-03-30",50,181,3,NA,2022-02-28
"198",NA,"Russia","2K22M1 Tunguska","abandoned","https://web.archive.org/web/20220228231935/https://i.postimg.cc/9MqLyHJZ/764.png","2022-03-30",50,181,2,NA,2022-02-28
"199",NA,"Russia","2K22M1 Tunguska","abandoned","https://web.archive.org/web/20220228231935/https://i.postimg.cc/Qt3jK6LJ/66577.png","2022-03-30",50,182,2,NA,2022-02-28
"200",NA,"Soviet Union","9K33 Osa","destroyed","https://web.archive.org/web/20220228231935/https://i.postimg.cc/xChnM7jX/n2.png","2022-03-30",51,183,1,NA,2022-02-28
"201",NA,"Soviet Union","9K33 Osa","abandoned","https://web.archive.org/web/20220228231935/https://i.postimg.cc/3RKjWRVn/6657.png","2022-03-30",51,184,2,NA,2022-02-28
"202",NA,"Soviet Union","9K33 Osa","abandoned","https://web.archive.org/web/20220228231935/https://i.postimg.cc/YqGy7H0G/5567.png","2022-03-30",51,185,2,NA,2022-02-28
"203",NA,"Soviet Union","9K35 Strela-10","abandoned","https://web.archive.org/web/20220228231935/https://i.postimg.cc/rmQmjFmn/542.png","2022-03-30",52,186,2,NA,2022-02-28
"204",NA,"Soviet Union","9K35 Strela-10","abandoned","https://web.archive.org/web/20220228231935/https://i.postimg.cc/FKXqgKZj/n8.jpg","2022-03-30",52,187,2,NA,2022-02-28
"205",NA,"Soviet Union","9K35 Strela-10","captured","https://web.archive.org/web/20220228231935/https://i.postimg.cc/C5cvXW27/6656.png","2022-03-30",52,188,4,NA,2022-02-28
"206",NA,"Russia","9A39M1 TEL (for Buk-M1-2)","destroyed","https://web.archive.org/web/20220228231935/https://i.postimg.cc/fTyMWpmn/5432.png","2022-03-30",53,189,1,NA,2022-02-28
"207",NA,"Russia","9A39M1 TEL (for Buk-M1-2)","destroyed","https://web.archive.org/web/20220228231935/https://i.postimg.cc/T1P7tLF4/3k.png","2022-03-30",53,190,1,NA,2022-02-28
"208",NA,"Russia","9A310M1 TELAR (for Buk-M1-2)","destroyed","https://web.archive.org/web/20220228231935/https://i.postimg.cc/fTyMWpmn/5432.png","2022-03-30",54,189,1,NA,2022-02-28
"209",NA,"Russia","9A310M1 TELAR (for Buk-M1-2)","destroyed","https://web.archive.org/web/20220228231935/https://i.postimg.cc/7LmZpjbQ/3k.png","2022-03-30",54,191,1,NA,2022-02-28
"210",NA,"Russia","9A310M1 TELAR (for Buk-M1-2)","damaged","https://web.archive.org/web/20220228231935/https://i.postimg.cc/DZXDG2k3/779.png","2022-03-30",54,192,3,NA,2022-02-28
"211",NA,"Russia","Tor-M2","destroyed","https://web.archive.org/web/20220228231935/https://i.postimg.cc/5tS4wn32/578.png","2022-03-30",55,193,1,NA,2022-02-28
"212",NA,"Russia","Pantsir-S1","captured","https://web.archive.org/web/20220228231935/https://postimg.cc/TpB4Xtbs/ec2c4921","2022-03-30",56,194,4,NA,2022-02-28
"213",NA,"Russia","R-330BMV Borisoglebsk-2B","damaged","https://web.archive.org/web/20220228231935/https://i.postimg.cc/wvzPRKsx/333.png","2022-03-30",57,195,3,NA,2022-02-28
"214",NA,"Russia","Su-30SM","destroyed","https://web.archive.org/web/20220228231935/https://i.postimg.cc/QNPryLw9/7699.png","2022-03-30",58,196,1,NA,2022-02-28
"215",NA,"Soviet Union","Su-25 strike aircraft","destroyed","https://web.archive.org/web/20220228231935/https://tass.ru/armiya-i-opk/13840645","2022-03-30",59,197,1,NA,2022-02-28
"216",NA,"Soviet Union","An-26 transport aircraft","destroyed","https://web.archive.org/web/20220228231935/https://i.postimg.cc/R0ppMFNQ/448.png","2022-03-30",60,198,1,NA,2022-02-28
"217",NA,"Soviet Union","Mi-24","destroyed","https://web.archive.org/web/20220228231935/https://i.postimg.cc/x1B22Yvq/7755.png","2022-03-30",61,199,1,NA,2022-02-28
"218",NA,"Russia","Mi-35M","destroyed","https://web.archive.org/web/20220228231935/https://i.postimg.cc/KcdDngcj/556.png","2022-03-30",62,200,1,NA,2022-02-28
"219",NA,"Russia","Ka-52 'Alligator'","destroyed","https://web.archive.org/web/20220228231935/https://i.postimg.cc/PJGKCtCv/658.png","2022-03-30",63,201,1,NA,2022-02-28
"220",NA,"Russia","Ka-52 'Alligator'","damaged","https://web.archive.org/web/20220228231935/https://i.postimg.cc/kXX8gFLx/769.png","2022-03-30",63,202,3,NA,2022-02-28
"221",NA,"Soviet Union","GAZ-66","captured","https://web.archive.org/web/20220228231935/https://i.postimg.cc/ncy3jWxy/55488.png","2022-03-30",64,203,4,NA,2022-02-28
"222",NA,"Soviet Union","ZiL-131","destroyed","https://web.archive.org/web/20220228231935/https://i.postimg.cc/1ttjTBH0/4455.png","2022-03-30",65,204,1,NA,2022-02-28
"223",NA,"Soviet Union","9T452 transporter-loader (for BM-27 'Uragan' MRL)","destroyed","https://web.archive.org/web/20220228231935/https://i.postimg.cc/QNzHJ4Yk/n2.png","2022-03-30",66,205,1,NA,2022-02-28
"224",NA,"Russia","GAZ-3308","abandoned","https://web.archive.org/web/20220228231935/https://postimg.cc/cg7mbbzG","2022-03-30",67,206,2,NA,2022-02-28
"225",NA,"Russia","GAZ-3308","abandoned","https://web.archive.org/web/20220228231935/https://postimg.cc/62xczXYh","2022-03-30",67,207,2,NA,2022-02-28
"226",NA,"Russia","GAZ Sobol","destroyed","https://web.archive.org/web/20220228231935/https://i.postimg.cc/gkPg5HgC/Screenshot-8289.png","2022-03-30",68,208,1,NA,2022-02-28
"227",NA,"Russia","GAZ Sobol","abandoned","https://web.archive.org/web/20220228231935/https://postimg.cc/87FbS5YH","2022-03-30",68,209,2,NA,2022-02-28
"228",NA,"Russia","Ural-4320","destroyed","https://web.archive.org/web/20220228231935/https://postimg.cc/PvwcD3Fp","2022-03-30",69,210,1,NA,2022-02-28
"229",NA,"Russia","Ural-4320","destroyed","https://web.archive.org/web/20220228231935/https://postimg.cc/5jvTwsWN","2022-03-30",69,211,1,NA,2022-02-28
"230",NA,"Russia","Ural-4320","destroyed","https://web.archive.org/web/20220228231935/https://postimg.cc/vxWKbZt6","2022-03-30",69,212,1,NA,2022-02-28
"231",NA,"Russia","Ural-4320","destroyed","https://web.archive.org/web/20220228231935/https://postimg.cc/HVgK3bT0","2022-03-30",69,213,1,NA,2022-02-28
"232",NA,"Russia","Ural-4320","destroyed","https://web.archive.org/web/20220228231935/https://postimg.cc/f3bh0QRp","2022-03-30",69,130,1,NA,2022-02-28
"233",NA,"Russia","Ural-4320","destroyed","https://web.archive.org/web/20220228231935/https://postimg.cc/YvjdC8vQ","2022-03-30",69,214,1,NA,2022-02-28
"234",NA,"Russia","Ural-4320","destroyed","https://web.archive.org/web/20220228231935/https://postimg.cc/KR09bC8Z","2022-03-30",69,215,1,NA,2022-02-28
"235",NA,"Russia","Ural-4320","destroyed","https://web.archive.org/web/20220228231935/https://i.postimg.cc/QdHyx61H/57.png","2022-03-30",69,216,1,NA,2022-02-28
"236",NA,"Russia","Ural-4320","damaged","https://web.archive.org/web/20220228231935/https://postimg.cc/kVDPCNz0","2022-03-30",69,56,3,NA,2022-02-28
"237",NA,"Russia","Ural-4320","damaged","https://web.archive.org/web/20220228231935/https://postimg.cc/w12pvjgD","2022-03-30",69,217,3,NA,2022-02-28
"238",NA,"Russia","Ural-4320","abandoned","https://web.archive.org/web/20220228231935/https://postimg.cc/w12pvjgD","2022-03-30",69,217,2,NA,2022-02-28
"239",NA,"Russia","Ural-4320","abandoned","https://web.archive.org/web/20220228231935/https://i.postimg.cc/R0KVpG33/Screenshot-8272.png","2022-03-30",69,218,2,NA,2022-02-28
"240",NA,"Russia","Ural-4320","abandoned","https://web.archive.org/web/20220228231935/https://postimg.cc/yDMtjPBF","2022-03-30",69,219,2,NA,2022-02-28
"241",NA,"Russia","Ural-4320","abandoned","https://web.archive.org/web/20220228231935/https://i.postimg.cc/3NZBVjmC/j8l.jpg","2022-03-30",69,220,2,NA,2022-02-28
"242",NA,"Russia","Ural-4320","damaged","https://web.archive.org/web/20220228231935/https://i.postimg.cc/fR5byVj2/k88.jpg","2022-03-30",69,221,3,NA,2022-02-28
"243",NA,"Russia","Ural-4320","captured","https://web.archive.org/web/20220228231935/https://i.postimg.cc/fR5byVj2/k88.jpg","2022-03-30",69,221,4,NA,2022-02-28
"244",NA,"Russia","Ural-4320","captured","https://web.archive.org/web/20220228231935/https://i.postimg.cc/vB5YMv7C/754.png","2022-03-30",69,222,4,NA,2022-02-28
"245",NA,"Russia","Ural-4320","captured","https://web.archive.org/web/20220228231935/https://i.postimg.cc/Z5GKzh1D/r1.png","2022-03-30",69,223,4,NA,2022-02-28
"246",NA,"Russia","Ural-4320","captured","https://web.archive.org/web/20220228231935/https://i.postimg.cc/pXL1Kn3v/5583.png","2022-03-30",69,224,4,NA,2022-02-28
"247",NA,"Russia","Ural-4320","captured","https://web.archive.org/web/20220228231935/https://i.postimg.cc/dQSXZBB2/74.png","2022-03-30",69,225,4,NA,2022-02-28
"248",NA,"Russia","Ural-4320","captured","https://web.archive.org/web/20220228231935/https://i.postimg.cc/Jn500txp/55799.png","2022-03-30",69,226,4,NA,2022-02-28
"249",NA,"Russia","Ural-4320","captured","https://web.archive.org/web/20220228231935/https://i.postimg.cc/26Mr9sCf/667.png","2022-03-30",69,227,4,NA,2022-02-28
"250",NA,"Russia","Ural-4320","captured","https://web.archive.org/web/20220228231935/https://i.postimg.cc/VNwZpLhm/663.png","2022-03-30",69,228,4,NA,2022-02-28
"251",NA,"Russia","Ural-4320","captured","https://web.archive.org/web/20220228231935/https://i.postimg.cc/fR5byVj2/k88.jpg","2022-03-30",69,221,4,NA,2022-02-28
"252",NA,"Russia","Ural-4320","captured","https://web.archive.org/web/20220228231935/https://i.postimg.cc/CxbjQs0Z/q1.png","2022-03-30",69,229,4,NA,2022-02-28
"253",NA,"Russia","Ural-4320","captured","https://web.archive.org/web/20220228231935/https://i.postimg.cc/cJZQyt1F/q3.jpg","2022-03-30",69,230,4,NA,2022-02-28
"254",NA,"Russia","Ural-4320","captured","https://web.archive.org/web/20220228231935/https://i.postimg.cc/R0RwMCN4/q4.jpg","2022-03-30",69,231,4,NA,2022-02-28
"255",NA,"Russia","Ural-4320","captured","https://web.archive.org/web/20220228231935/https://i.postimg.cc/nzhBM8D7/q5.jpg","2022-03-30",69,232,4,NA,2022-02-28
"256",NA,"Russia","Ural-4320","captured","https://web.archive.org/web/20220228231935/https://i.postimg.cc/Zn9NFrj5/q6.jpg","2022-03-30",69,233,4,NA,2022-02-28
"257",NA,"Russia","Ural-4320","captured","https://web.archive.org/web/20220228231935/https://i.postimg.cc/269vZHQt/q7.png","2022-03-30",69,234,4,NA,2022-02-28
"258",NA,"Russia","Ural-4320","captured","https://web.archive.org/web/20220228231935/https://i.postimg.cc/RhjHPNbQ/q8.png","2022-03-30",69,235,4,NA,2022-02-28
"259",NA,"Russia","Ural-4320","captured","https://web.archive.org/web/20220228231935/https://i.postimg.cc/7Pc0PWYG/q9.jpg","2022-03-30",69,236,4,NA,2022-02-28
"260",NA,"Russia","Ural-43206","captured","https://web.archive.org/web/20220228231935/https://i.postimg.cc/pdjsnMg9/c1.png","2022-03-30",70,237,4,NA,2022-02-28
"261",NA,"Russia","Ural-43206","captured","https://web.archive.org/web/20220228231935/https://i.postimg.cc/1tZJGYQv/c2.png","2022-03-30",70,238,4,NA,2022-02-28
"262",NA,"Russia","Ural Federal","destroyed","https://web.archive.org/web/20220228231935/https://postimg.cc/YvcvvC98","2022-03-30",71,239,1,NA,2022-02-28
"263",NA,"Russia","Ural Federal","abandoned","https://web.archive.org/web/20220228231935/https://postimg.cc/4nNVGy79","2022-03-30",71,240,2,NA,2022-02-28
"264",NA,"Russia","Ural Federal","abandoned","https://web.archive.org/web/20220228231935/https://postimg.cc/c6Hgjz27","2022-03-30",71,241,2,NA,2022-02-28
"265",NA,"Russia","Armoured KamAZ 6x6","destroyed","https://web.archive.org/web/20220228231935/https://i.postimg.cc/rmWjR3ww/335.png","2022-03-30",72,242,1,NA,2022-02-28
"266",NA,"Russia","KamAZ 6x6","destroyed","https://web.archive.org/web/20220228231935/https://i.postimg.cc/TwqThWRp/8875.png","2022-03-30",31,243,1,NA,2022-02-28
"267",NA,"Russia","KamAZ 6x6","destroyed","https://web.archive.org/web/20220228231935/https://postimg.cc/G9KswLMf","2022-03-30",31,244,1,NA,2022-02-28
"268",NA,"Russia","KamAZ 6x6","destroyed","https://web.archive.org/web/20220228231935/https://i.postimg.cc/K8dLcdtV/h0.png","2022-03-30",31,245,1,NA,2022-02-28
"269",NA,"Russia","KamAZ 6x6","destroyed","https://web.archive.org/web/20220228231935/https://i.postimg.cc/G2Ndj56v/Screenshot-8192.png","2022-03-30",31,246,1,NA,2022-02-28
"270",NA,"Russia","KamAZ 6x6","destroyed","https://web.archive.org/web/20220228231935/https://i.postimg.cc/mhW4vFLD/Screenshot-8193.png","2022-03-30",31,247,1,NA,2022-02-28
"271",NA,"Russia","KamAZ 6x6","destroyed","https://web.archive.org/web/20220228231935/https://i.postimg.cc/MpmpyDDG/Screenshot-8209.png","2022-03-30",31,248,1,NA,2022-02-28
"272",NA,"Russia","KamAZ 6x6","destroyed","https://web.archive.org/web/20220228231935/https://i.postimg.cc/nc8Fg5Sz/Screenshot-8215.png","2022-03-30",31,249,1,NA,2022-02-28
"273",NA,"Russia","KamAZ 6x6","destroyed","https://web.archive.org/web/20220228231935/https://i.postimg.cc/jj8q1SB0/Screenshot-8210.png","2022-03-30",31,250,1,NA,2022-02-28
"274",NA,"Russia","KamAZ 6x6","destroyed","https://web.archive.org/web/20220228231935/https://i.postimg.cc/nzgFHwH3/Screenshot-8211.png","2022-03-30",31,251,1,NA,2022-02-28
"275",NA,"Russia","KamAZ 6x6","destroyed","https://web.archive.org/web/20220228231935/https://postimg.cc/PvG7gwYj","2022-03-30",31,252,1,NA,2022-02-28
"276",NA,"Russia","KamAZ 6x6","destroyed","https://web.archive.org/web/20220228231935/https://i.postimg.cc/wjDYJj9c/Screenshot-8224.png","2022-03-30",31,253,1,NA,2022-02-28
"277",NA,"Russia","KamAZ 6x6","destroyed","https://web.archive.org/web/20220228231935/https://i.postimg.cc/dQmFbzNj/6888.png","2022-03-30",31,254,1,NA,2022-02-28
"278",NA,"Russia","KamAZ 6x6","destroyed","https://web.archive.org/web/20220228231935/https://i.postimg.cc/zfp7Rm55/Screenshot-8276.png","2022-03-30",31,255,1,NA,2022-02-28
"279",NA,"Russia","KamAZ 6x6","destroyed","https://web.archive.org/web/20220228231935/https://i.postimg.cc/nrMnttVL/7k.png","2022-03-30",31,256,1,NA,2022-02-28
"280",NA,"Russia","KamAZ 6x6","destroyed","https://web.archive.org/web/20220228231935/https://i.postimg.cc/gkPg5HgC/Screenshot-8289.png","2022-03-30",31,208,1,NA,2022-02-28
"281",NA,"Russia","KamAZ 6x6","destroyed","https://web.archive.org/web/20220228231935/https://postimg.cc/5QNwkNv8","2022-03-30",31,257,1,NA,2022-02-28
"282",NA,"Russia","KamAZ 6x6","destroyed","https://web.archive.org/web/20220228231935/https://i.postimg.cc/kXvznpZN/v7.png","2022-03-30",31,258,1,NA,2022-02-28
"283",NA,"Russia","KamAZ 6x6","destroyed","https://web.archive.org/web/20220228231935/https://postimg.cc/rd1xVtNS","2022-03-30",31,259,1,NA,2022-02-28
"284",NA,"Russia","KamAZ 6x6","destroyed","https://web.archive.org/web/20220228231935/https://postimg.cc/KRCMt59P","2022-03-30",31,260,1,NA,2022-02-28
"285",NA,"Russia","KamAZ 6x6","destroyed","https://web.archive.org/web/20220228231935/https://i.postimg.cc/hPqDmdpD/554.png","2022-03-30",31,261,1,NA,2022-02-28
"286",NA,"Russia","KamAZ 6x6","destroyed","https://web.archive.org/web/20220228231935/https://i.postimg.cc/3RKjWRVn/6657.png","2022-03-30",31,184,1,NA,2022-02-28
"287",NA,"Russia","KamAZ 6x6","destroyed","https://web.archive.org/web/20220228231935/https://i.postimg.cc/dVZtMRWY/4456.png","2022-03-30",31,262,1,NA,2022-02-28
"288",NA,"Russia","KamAZ 6x6","destroyed","https://web.archive.org/web/20220228231935/https://i.postimg.cc/1ttjTBH0/4455.png","2022-03-30",31,204,1,NA,2022-02-28
"289",NA,"Russia","KamAZ 6x6","destroyed","https://web.archive.org/web/20220228231935/https://i.postimg.cc/gjV6fNhS/5557.png","2022-03-30",31,263,1,NA,2022-02-28
"290",NA,"Russia","KamAZ 6x6","destroyed","https://web.archive.org/web/20220228231935/https://i.postimg.cc/6Q0p7yrb/b7.jpg","2022-03-30",31,264,1,NA,2022-02-28
"291",NA,"Russia","KamAZ 6x6","damaged","https://web.archive.org/web/20220228231935/https://i.postimg.cc/kGnW3KWg/880.png","2022-03-30",31,265,3,NA,2022-02-28
"292",NA,"Russia","KamAZ 6x6","abandoned","https://web.archive.org/web/20220228231935/https://i.postimg.cc/9F0M05Tb/Screenshot-8232.png","2022-03-30",31,266,2,NA,2022-02-28
"293",NA,"Russia","KamAZ 6x6","abandoned","https://web.archive.org/web/20220228231935/https://i.postimg.cc/RFmCkffg/Screenshot-8273.png","2022-03-30",31,267,2,NA,2022-02-28
"294",NA,"Russia","KamAZ 6x6","abandoned","https://web.archive.org/web/20220228231935/https://postimg.cc/zVzd9q5t","2022-03-30",31,268,2,NA,2022-02-28
"295",NA,"Russia","KamAZ 6x6","abandoned","https://web.archive.org/web/20220228231935/https://i.postimg.cc/Pq6cnvCm/Screenshot-8284.png","2022-03-30",31,269,2,NA,2022-02-28
"296",NA,"Russia","KamAZ 6x6","abandoned","https://web.archive.org/web/20220228231935/https://i.postimg.cc/bNQBNBGY/Screenshot-8285.png","2022-03-30",31,270,2,NA,2022-02-28
"297",NA,"Russia","KamAZ 6x6","abandoned","https://web.archive.org/web/20220228231935/https://postimg.cc/VS80VkP5","2022-03-30",31,271,2,NA,2022-02-28
"298",NA,"Russia","KamAZ 6x6","abandoned","https://web.archive.org/web/20220228231935/https://postimg.cc/CznZMqFz","2022-03-30",31,272,2,NA,2022-02-28
"299",NA,"Russia","KamAZ 6x6","abandoned","https://web.archive.org/web/20220228231935/https://i.postimg.cc/nrFd8TnV/57.png","2022-03-30",31,273,2,NA,2022-02-28
"300",NA,"Russia","KamAZ 6x6","captured","https://web.archive.org/web/20220228231935/https://i.postimg.cc/Hn7xkb8m/688.png","2022-03-30",31,274,4,NA,2022-02-28
"301",NA,"Russia","KamAZ 6x6","captured","https://web.archive.org/web/20220228231935/https://i.postimg.cc/YSQ2ps72/r2.png","2022-03-30",31,275,4,NA,2022-02-28
"302",NA,"Russia","KamAZ 6x6","captured","https://web.archive.org/web/20220228231935/https://i.postimg.cc/gJ6f7NZ3/57.png","2022-03-30",31,276,4,NA,2022-02-28
"303",NA,"Russia","KamAZ 6x6","captured","https://web.archive.org/web/20220228231935/https://i.postimg.cc/VkXF0qmD/6599.png","2022-03-30",31,277,4,NA,2022-02-28
"304",NA,"Russia","KamAZ 6x6","captured","https://web.archive.org/web/20220228231935/https://i.postimg.cc/DZ0Q5pHc/6652.png","2022-03-30",31,180,4,NA,2022-02-28
"305",NA,"Russia","KamAZ 6x6","captured","https://web.archive.org/web/20220228231935/https://i.postimg.cc/1ttCbb4J/tt1.png","2022-03-30",31,278,4,NA,2022-02-28
"306",NA,"Russia","KamAZ 6x6","captured","https://web.archive.org/web/20220228231935/https://i.postimg.cc/15tY3vhL/4456.png","2022-03-30",31,279,4,NA,2022-02-28
"307",NA,"Russia","KamAZ 6x6","captured","https://web.archive.org/web/20220228231935/https://i.postimg.cc/W3YpnCfM/b6.jpg","2022-03-30",31,280,4,NA,2022-02-28
"308",NA,"Russia","KamAZ 6x6","captured","https://web.archive.org/web/20220228231935/https://i.postimg.cc/Bbj44g2S/5580.png","2022-03-30",31,281,4,NA,2022-02-28
"309",NA,"Russia","KamAZ 6x6","captured","https://web.archive.org/web/20220228231935/https://i.postimg.cc/23RZybKP/6800.png","2022-03-30",31,282,4,NA,2022-02-28
"310",NA,"Russia","KamAZ-6350 8x8 artillery tractor","destroyed","https://web.archive.org/web/20220228231935/https://i.postimg.cc/VvPSc7kX/Screenshot-8070.png","2022-03-30",73,283,1,NA,2022-02-28
"311",NA,"Russia","KamAZ-6350 8x8 artillery tractor","destroyed","https://web.archive.org/web/20220228231935/https://i.postimg.cc/br0ZYQZW/Screenshot-8071.png","2022-03-30",73,284,1,NA,2022-02-28
"312",NA,"Russia","KamAZ-6350 8x8 artillery tractor","damaged","https://web.archive.org/web/20220228231935/https://i.postimg.cc/br6jRJWd/Screenshot-8072.png","2022-03-30",73,285,3,NA,2022-02-28
"313",NA,"Russia","KamAZ-6350 8x8 artillery tractor","captured","https://web.archive.org/web/20220228231935/https://i.postimg.cc/br6jRJWd/Screenshot-8072.png","2022-03-30",73,285,4,NA,2022-02-28
"314",NA,"Russia","KamAZ-6350 8x8 artillery tractor","damaged","https://web.archive.org/web/20220228231935/https://i.postimg.cc/nczxh49m/Screenshot-8074.png","2022-03-30",73,286,3,NA,2022-02-28
"315",NA,"Russia","KamAZ-6350 8x8 artillery tractor","captured","https://web.archive.org/web/20220228231935/https://i.postimg.cc/nczxh49m/Screenshot-8074.png","2022-03-30",73,286,4,NA,2022-02-28
"316",NA,"Russia","Unknown supply truck","destroyed","https://web.archive.org/web/20220228231935/https://i.postimg.cc/3wn7wzQM/686.png","2022-03-30",74,287,1,NA,2022-02-28
"317",NA,"Russia","Unknown vehicle","destroyed","https://web.archive.org/web/20220228231935/https://i.postimg.cc/TwqThWRp/8875.png","2022-03-30",75,243,1,NA,2022-02-28
"318",NA,"Russia","Unknown vehicle","destroyed","https://web.archive.org/web/20220228231935/https://i.postimg.cc/cLy31D99/557.png","2022-03-30",75,288,1,NA,2022-02-28
"319",NA,"Russia","Unknown vehicle","destroyed","https://web.archive.org/web/20220228231935/https://i.postimg.cc/L5WpLtHC/370.png","2022-03-30",75,289,1,NA,2022-02-28
"320",NA,"Russia","Unknown vehicle","destroyed","https://web.archive.org/web/20220228231935/https://i.postimg.cc/v8Jyk5sf/4k.png","2022-03-30",75,290,1,NA,2022-02-28
"321",NA,"Soviet Union","T-64BV","destroyed","https://web.archive.org/web/20220228231935/https://i.postimg.cc/mgntjg7P/763.png","2022-03-30",76,291,1,NA,2022-02-28
"322",NA,"Soviet Union","T-64BV","destroyed","https://web.archive.org/web/20220228231935/https://i.postimg.cc/59wN4Ybq/689.png","2022-03-30",76,292,1,NA,2022-02-28
"323",NA,"Soviet Union","T-64BV","destroyed","https://web.archive.org/web/20220228231935/https://i.postimg.cc/fWBW5NVQ/558.png","2022-03-30",76,293,1,NA,2022-02-28
"324",NA,"Soviet Union","T-64BV","destroyed","https://web.archive.org/web/20220228231935/https://i.postimg.cc/442p3Kn8/443.png","2022-03-30",76,294,1,NA,2022-02-28
"325",NA,"Soviet Union","T-64BV","destroyed","https://web.archive.org/web/20220228231935/https://i.postimg.cc/gjqt7JQh/445.png","2022-03-30",76,295,1,NA,2022-02-28
"326",NA,"Soviet Union","T-64BV","damaged","https://web.archive.org/web/20220228231935/https://i.postimg.cc/CLn96SZZ/f7.png","2022-03-30",76,296,3,NA,2022-02-28
"327",NA,"Soviet Union","T-64BV","abandoned","https://web.archive.org/web/20220228231935/https://i.postimg.cc/CLn96SZZ/f7.png","2022-03-30",76,296,2,NA,2022-02-28
"328",NA,"Soviet Union","T-64BV","abandoned","https://web.archive.org/web/20220228231935/https://i.postimg.cc/rFzZ43Zg/578.png","2022-03-30",76,297,2,NA,2022-02-28
"329",NA,"Soviet Union","T-64BV","abandoned","https://web.archive.org/web/20220228231935/https://i.postimg.cc/vBTn2B8C/467.png","2022-03-30",76,298,2,NA,2022-02-28
"330",NA,"Soviet Union","T-64BV","abandoned","https://web.archive.org/web/20220228231935/https://i.postimg.cc/8Pf8WQWH/557l.png","2022-03-30",76,299,2,NA,2022-02-28
"331",NA,"Soviet Union","T-64BV","abandoned","https://web.archive.org/web/20220228231935/https://i.postimg.cc/fTV39LBr/5570.png","2022-03-30",76,300,2,NA,2022-02-28
"332",NA,"Soviet Union","T-64BV","abandoned","https://web.archive.org/web/20220228231935/https://i.postimg.cc/qBsnPDXc/5548.png","2022-03-30",76,301,2,NA,2022-02-28
"333",NA,"Soviet Union","T-80BV","abandoned","https://web.archive.org/web/20220228231935/https://i.postimg.cc/MHW2qp47/d39.png","2022-03-30",5,302,2,NA,2022-02-28
"334",NA,"Soviet Union","T-80BV","damaged","https://web.archive.org/web/20220228231935/https://i.postimg.cc/0jXKJsjL/f58.png","2022-03-30",5,303,3,NA,2022-02-28
"335",NA,"Soviet Union","T-80BV","captured","https://web.archive.org/web/20220228231935/https://i.postimg.cc/0jXKJsjL/f58.png","2022-03-30",5,303,4,NA,2022-02-28
"336",NA,"Soviet Union","BRM-1K","damaged","https://web.archive.org/web/20220228231935/https://i.postimg.cc/tC4jmbcK/446.png","2022-03-30",10,304,3,NA,2022-02-28
"337",NA,"Soviet Union","BRM-1K","captured","https://web.archive.org/web/20220228231935/https://i.postimg.cc/tC4jmbcK/446.png","2022-03-30",10,304,4,NA,2022-02-28
"338",NA,"Soviet Union","BRM-1K","captured","https://web.archive.org/web/20220228231935/https://i.postimg.cc/ZnMyg04W/6669.jpg","2022-03-30",10,305,4,NA,2022-02-28
"339",NA,"Soviet Union","BRDM-2","destroyed","https://web.archive.org/web/20220228231935/https://i.postimg.cc/R0PRks7V/n5.png","2022-03-30",77,306,1,NA,2022-02-28
"340",NA,"Soviet Union","BRDM-2","destroyed","https://web.archive.org/web/20220228231935/https://i.postimg.cc/Ghhp2XG1/n6.png","2022-03-30",77,307,1,NA,2022-02-28
"341",NA,"Soviet Union","BRDM-2","abandoned","https://web.archive.org/web/20220228231935/https://i.postimg.cc/TYfDBCPr/577.png","2022-03-30",77,308,2,NA,2022-02-28
"342",NA,"Soviet Union","BRDM-2","abandoned","https://web.archive.org/web/20220228231935/https://i.postimg.cc/zGQd8V3S/4437.png","2022-03-30",77,309,2,NA,2022-02-28
"343",NA,"Soviet Union","BRDM-2","abandoned","https://web.archive.org/web/20220228231935/https://i.postimg.cc/KYF1K5KZ/5547.png","2022-03-30",77,310,2,NA,2022-02-28
"344",NA,"Soviet Union","BRDM-2","abandoned","https://web.archive.org/web/20220228231935/https://i.postimg.cc/x1Pz37Vk/5577.png","2022-03-30",77,311,2,NA,2022-02-28
"345",NA,"Soviet Union","BRDM-2","abandoned","https://web.archive.org/web/20220228231935/https://i.postimg.cc/x1q26JWK/443o.png","2022-03-30",77,312,2,NA,2022-02-28
"346",NA,"Soviet Union","BRDM-2","abandoned","https://web.archive.org/web/20220228231935/https://i.postimg.cc/7Pg0LbtM/553.png","2022-03-30",77,313,2,NA,2022-02-28
"347",NA,"Soviet Union","BRDM-2","abandoned","https://web.archive.org/web/20220228231935/https://i.postimg.cc/DZ1JmY6y/4436.png","2022-03-30",77,314,2,NA,2022-02-28
"348",NA,"Soviet Union","BRDM-2","abandoned","https://web.archive.org/web/20220228231935/https://i.postimg.cc/cLp0yYYV/795.png","2022-03-30",77,315,2,NA,2022-02-28
"349",NA,"Soviet Union","BRDM-2","captured","https://web.archive.org/web/20220228231935/https://i.postimg.cc/wjZZCBgG/Screenshot-8367.png","2022-03-30",77,316,4,NA,2022-02-28
"350",NA,"Soviet Union","BRDM-2","captured","https://web.archive.org/web/20220228231935/https://i.postimg.cc/SxJH19F9/Screenshot-8366.png","2022-03-30",77,317,4,NA,2022-02-28
"351",NA,"Soviet Union","9P148 Konkurs ATGM carrier","destroyed","https://web.archive.org/web/20220228231935/https://i.postimg.cc/8cpL1BtZ/k2.png","2022-03-30",78,318,1,NA,2022-02-28
"352",NA,"Soviet Union","9P148 Konkurs ATGM carrier","destroyed","https://web.archive.org/web/20220228231935/https://i.postimg.cc/JncbVdcy/k1.png","2022-03-30",78,319,1,NA,2022-02-28
"353",NA,"Soviet Union","9P148 Konkurs ATGM carrier","captured","https://web.archive.org/web/20220228231935/https://i.postimg.cc/7PV70ZVz/4366.png","2022-03-30",78,320,4,NA,2022-02-28
"354",NA,"Soviet Union","MT-LBu","abandoned","https://web.archive.org/web/20220228231935/https://i.postimg.cc/D00sLq8C/Screenshot-8261.png","2022-03-30",14,321,2,NA,2022-02-28
"355",NA,"Ukraine","MT-LB Ambulance","abandoned","https://web.archive.org/web/20220228231935/https://i.postimg.cc/3Jv5s5tq/468.png","2022-03-30",79,322,2,NA,2022-02-28
"356",NA,"Ukraine","BSEM-4K","destroyed","https://web.archive.org/web/20220228231935/https://i.postimg.cc/5yjhTNPP/Screenshot-8306.png","2022-03-30",80,323,1,NA,2022-02-28
"357",NA,"Soviet Union","MT-LBu","damaged","https://web.archive.org/web/20220228231935/https://i.postimg.cc/ZYHxJ6rp/Screenshot-8036.png","2022-03-30",14,324,3,NA,2022-02-28
"358",NA,"Soviet Union","MT-LBu","abandoned","https://web.archive.org/web/20220228231935/https://i.postimg.cc/ZYHxJ6rp/Screenshot-8036.png","2022-03-30",14,324,2,NA,2022-02-28
"359",NA,"Soviet Union","BMP-1","destroyed","https://web.archive.org/web/20220228231935/https://i.postimg.cc/7hc1JGgw/558.jpg","2022-03-30",81,325,1,NA,2022-02-28
"360",NA,"Soviet Union","BMP-1","destroyed","https://web.archive.org/web/20220228231935/https://i.postimg.cc/V6Xg1gbX/886.png","2022-03-30",81,326,1,NA,2022-02-28
"361",NA,"Soviet Union","BMP-1","destroyed","https://web.archive.org/web/20220228231935/https://i.postimg.cc/W4X6yy25/443689.png","2022-03-30",81,327,1,NA,2022-02-28
"362",NA,"Soviet Union","BMP-1","abandoned","https://web.archive.org/web/20220228231935/https://i.postimg.cc/nzYYjDN8/Screenshot-8035.png","2022-03-30",81,328,2,NA,2022-02-28
"363",NA,"Soviet Union","BMP-1","abandoned","https://web.archive.org/web/20220228231935/https://i.postimg.cc/8cZRwV1t/Screenshot-8037.png","2022-03-30",81,329,2,NA,2022-02-28
"364",NA,"Soviet Union","BMP-1","abandoned","https://web.archive.org/web/20220228231935/https://i.postimg.cc/vTY7Wmd4/Screenshot-8038.png","2022-03-30",81,330,2,NA,2022-02-28
"365",NA,"Soviet Union","BMP-1","abandoned","https://web.archive.org/web/20220228231935/https://i.postimg.cc/TYfDBCPr/577.png","2022-03-30",81,308,2,NA,2022-02-28
"366",NA,"Soviet Union","BMP-2","abandoned","https://web.archive.org/web/20220228231935/https://i.postimg.cc/xT3v6qKT/4470.png","2022-03-30",20,331,2,NA,2022-02-28
"367",NA,"Ukraine","BTR-4","destroyed","https://web.archive.org/web/20220228231935/https://i.postimg.cc/W42RL0Ld/5554.png","2022-03-30",82,332,1,NA,2022-02-28
"368",NA,"Ukraine","BTR-4","destroyed","https://web.archive.org/web/20220228231935/https://i.postimg.cc/bYFbd2PW/6658.png","2022-03-30",82,333,1,NA,2022-02-28
"369",NA,"Ukraine","BTR-4","destroyed","https://web.archive.org/web/20220228231935/https://i.postimg.cc/LXydxZVY/Screenshot-8305.png","2022-03-30",82,334,1,NA,2022-02-28
"370",NA,"Ukraine","BTR-4","destroyed","https://web.archive.org/web/20220228231935/https://i.postimg.cc/7brvpRmG/665333.png","2022-03-30",82,335,1,NA,2022-02-28
"371",NA,"Ukraine","BTR-4","abandoned","https://web.archive.org/web/20220228231935/https://i.postimg.cc/mkdGX6cb/447.png","2022-03-30",82,336,2,NA,2022-02-28
"372",NA,"Ukraine","BTR-4","captured","https://web.archive.org/web/20220228231935/https://i.postimg.cc/tCP3NpHR/c1.png","2022-03-30",82,337,4,NA,2022-02-28
"373",NA,"Ukraine","BTR-4","captured","https://web.archive.org/web/20220228231935/https://i.postimg.cc/htB9C6SL/c2.png","2022-03-30",82,338,4,NA,2022-02-28
"374",NA,"Ukraine","BTR-3","destroyed","https://web.archive.org/web/20220228231935/https://i.postimg.cc/Cx33pLj5/4482.png","2022-03-30",83,339,1,NA,2022-02-28
"375",NA,"Ukraine","BTR-3","captured","https://web.archive.org/web/20220228231935/https://i.postimg.cc/wv6zrZdn/Screenshot-8248.png","2022-03-30",83,340,4,NA,2022-02-28
"376",NA,"Soviet Union","BTR-60","captured","https://web.archive.org/web/20220228231935/https://i.postimg.cc/wv5Mw3LL/Screenshot-8388.png","2022-03-30",84,341,4,NA,2022-02-28
"377",NA,"Soviet Union","BTR-70","abandoned","https://web.archive.org/web/20220228231935/https://i.postimg.cc/RCWcTD3F/579.png","2022-03-30",85,342,2,NA,2022-02-28
"378",NA,"Soviet Union","BTR-70","captured","https://web.archive.org/web/20220228231935/https://i.postimg.cc/9FS2wLRZ/Screenshot-8016.png","2022-03-30",85,343,4,NA,2022-02-28
"379",NA,"Soviet Union","BTR-70","captured","https://web.archive.org/web/20220228231935/https://i.postimg.cc/hvpjqwCG/Screenshot-8389.png","2022-03-30",85,344,4,NA,2022-02-28
"380",NA,"Soviet Union","BTR-80","destroyed","https://web.archive.org/web/20220228231935/https://i.postimg.cc/Sj0VZnW6/446i.png","2022-03-30",25,345,1,NA,2022-02-28
"381",NA,"Soviet Union","BTR-80","captured","https://web.archive.org/web/20220228231935/https://i.postimg.cc/k4Pf76VB/v1.png","2022-03-30",25,346,4,NA,2022-02-28
"382",NA,"Soviet Union","BTR-80","captured","https://web.archive.org/web/20220228231935/https://i.postimg.cc/NM8bFsTb/v2.png","2022-03-30",25,347,4,NA,2022-02-28
"383",NA,"Soviet Union","BTR-80","captured","https://web.archive.org/web/20220228231935/https://i.postimg.cc/m2wPCdGj/f5.png","2022-03-30",25,348,4,NA,2022-02-28
"384",NA,"Ukraine","Unknown BTR","abandoned","https://web.archive.org/web/20220228231935/https://i.postimg.cc/524HCBT8/b1.png","2022-03-30",86,349,2,NA,2022-02-28
"385",NA,"United States","HMMWV","destroyed","https://web.archive.org/web/20220228231935/https://i.postimg.cc/bY3x4Pp9/4478.png","2022-03-30",87,350,1,NA,2022-02-28
"386",NA,"Ukraine","Varta","captured","https://web.archive.org/web/20220228231935/https://i.postimg.cc/rmJCSVgp/g1.png","2022-03-30",88,351,4,NA,2022-02-28
"387",NA,"Ukraine","Varta","captured","https://web.archive.org/web/20220228231935/https://i.postimg.cc/MpqsfLzt/66590.png","2022-03-30",88,352,4,NA,2022-02-28
"388",NA,"Ukraine","Varta","captured","https://web.archive.org/web/20220228231935/https://i.postimg.cc/442p3Kn8/443.png","2022-03-30",88,294,4,NA,2022-02-28
"389",NA,"Ukraine","Varta","captured","https://web.archive.org/web/20220228231935/https://i.postimg.cc/wj9GFM8d/66579.png","2022-03-30",88,353,4,NA,2022-02-28
"390",NA,"Ukraine","Kozak-2","destroyed","https://web.archive.org/web/20220228231935/https://i.postimg.cc/L6pqJk7y/58.png","2022-03-30",89,354,1,NA,2022-02-28
"391",NA,"United Kingdom","MBT LAW 'NLAW'","captured","https://web.archive.org/web/20220228231935/https://twitter.com/Caucasuswar/status/1497165090835083293","2022-03-30",90,355,4,NA,2022-02-28
"392",NA,"United Kingdom","MBT LAW 'NLAW'","captured","https://web.archive.org/web/20220228231935/https://i.postimg.cc/RCdVxFvX/772.png","2022-03-30",90,356,4,NA,2022-02-28
"393",NA,"United Kingdom","MBT LAW 'NLAW'","captured","https://web.archive.org/web/20220228231935/https://i.postimg.cc/4xhpF2Yg/5549.png","2022-03-30",90,357,4,NA,2022-02-28
"394",NA,"Soviet Union","9K38 Igla","captured","https://web.archive.org/web/20220228231935/https://i.postimg.cc/4xhpF2Yg/5549.png","2022-03-30",42,357,4,NA,2022-02-28
"395",NA,"Soviet Union","9K310 Igla-1","captured","https://web.archive.org/web/20220228231935/https://postlmg.cc/PNLkmdpw","2022-03-30",91,358,4,NA,2022-02-28
"396",NA,"Soviet Union","9K310 Igla-1","captured","https://web.archive.org/web/20220228231935/https://i.postimg.cc/4xhpF2Yg/5549.png","2022-03-30",91,357,4,NA,2022-02-28
"397",NA,"Soviet Union","152mm 2A65 Msta-B howitzer","abandoned","https://web.archive.org/web/20220228231935/https://i.postimg.cc/zfBM7CWN/Screenshot-8227.png","2022-03-30",45,359,2,NA,2022-02-28
"398",NA,"Soviet Union","152mm 2A65 Msta-B howitzer","abandoned","https://web.archive.org/web/20220228231935/https://i.postimg.cc/gj9TG17c/Screenshot-8228.png","2022-03-30",45,360,2,NA,2022-02-28
"399",NA,"Soviet Union","122mm 2S1 Gvozdika","destroyed","https://web.archive.org/web/20220228231935/https://i.postimg.cc/43cbmftq/4466.png","2022-03-30",92,361,1,NA,2022-02-28
"400",NA,"Soviet Union","122mm 2S1 Gvozdika","destroyed","https://web.archive.org/web/20220228231935/https://i.postimg.cc/R0r6NcvQ/5577.png","2022-03-30",92,362,1,NA,2022-02-28
"401",NA,"Soviet Union","122mm 2S1 Gvozdika","abandoned","https://web.archive.org/web/20220228231935/https://i.postimg.cc/MKTfGGmK/334.png","2022-03-30",92,363,2,NA,2022-02-28
"402",NA,"Soviet Union","122mm 2S1 Gvozdika","captured","https://web.archive.org/web/20220228231935/https://i.postimg.cc/x1nDQ4cP/Screenshot-8055.png","2022-03-30",92,364,4,NA,2022-02-28
"403",NA,"Soviet Union","122mm 2S1 Gvozdika","captured","https://web.archive.org/web/20220228231935/https://postimg.cc/dh3pzgQm","2022-03-30",92,365,4,NA,2022-02-28
"404",NA,"Soviet Union","5P85D (launcher for S-300PS)","destroyed","https://web.archive.org/web/20220228231935/https://i.postimg.cc/50rg9crH/4488.png","2022-03-30",93,366,1,NA,2022-02-28
"405",NA,"Soviet Union","9K33 Osa","destroyed","https://web.archive.org/web/20220228231935/https://i.postimg.cc/wM1d9gZR/b8.png","2022-03-30",51,367,1,NA,2022-02-28
"406",NA,"Soviet Union","9K33 Osa","destroyed","https://web.archive.org/web/20220228231935/https://i.postimg.cc/ncjkcdJN/589.png","2022-03-30",51,368,1,NA,2022-02-28
"407",NA,"Soviet Union","9K33 Osa","destroyed","https://web.archive.org/web/20220228231935/https://i.postimg.cc/9F6xPsMT/5547.png","2022-03-30",51,369,1,NA,2022-02-28
"408",NA,"Soviet Union","9K35 Strela-10","destroyed","https://web.archive.org/web/20220228231935/https://i.postimg.cc/XqQbB43w/4436.png","2022-03-30",52,370,1,NA,2022-02-28
"409",NA,"Soviet Union","Buk-M1","destroyed","https://web.archive.org/web/20220228231935/https://i.postimg.cc/65Hjk0rQ/5542.png","2022-03-30",94,371,1,NA,2022-02-28
"410",NA,"Soviet Union","P-14 'Tall King'","damaged","https://web.archive.org/web/20220228231935/https://i.postimg.cc/rpWmrPLb/57.png","2022-03-30",95,372,3,NA,2022-02-28
"411",NA,"Soviet Union","P-35/37 'Bar Lock'","destroyed","https://web.archive.org/web/20220228231935/https://i.postimg.cc/WpShQwBk/5547.png","2022-03-30",96,373,1,NA,2022-02-28
"412",NA,"Soviet Union","PRV-13 'Odd Pair'","destroyed","https://web.archive.org/web/20220228231935/https://i.postimg.cc/pXwx79Lj/557.png","2022-03-30",97,374,1,NA,2022-02-28
"413",NA,"Soviet Union","1L22 'Parol'","destroyed","https://web.archive.org/web/20220228231935/https://i.postimg.cc/SRjk0C96/6659.png","2022-03-30",98,375,1,NA,2022-02-28
"414",NA,"Soviet Union","1L22 'Parol'","damaged","https://web.archive.org/web/20220228231935/https://postimg.cc/9Dcvz02c","2022-03-30",98,376,3,NA,2022-02-28
"415",NA,"Soviet Union","Su-27 fighter aircraft","destroyed","https://web.archive.org/web/20220228231935/https://i.postimg.cc/XYtMphyC/5h.png","2022-03-30",99,377,1,NA,2022-02-28
"416",NA,"Soviet Union","Su-27 fighter aircraft","destroyed","https://web.archive.org/web/20220228231935/https://i.postimg.cc/bN1TbkjC/46.png","2022-03-30",99,378,1,NA,2022-02-28
"417",NA,"Soviet Union","Su-25 attack aircraft","destroyed","https://web.archive.org/web/20220228231935/https://i.postimg.cc/YC63jp5h/p1.png","2022-03-30",100,379,1,NA,2022-02-28
"418",NA,"Soviet Union","Su-25 attack aircraft","destroyed","https://web.archive.org/web/20220228231935/https://i.postimg.cc/zfqkgsNp/p2.png","2022-03-30",100,380,1,NA,2022-02-28
"419",NA,"Soviet Union","An-26 transport aircraft","destroyed","https://web.archive.org/web/20220228231935/https://i.postimg.cc/rmdB2PLQ/489.png","2022-03-30",60,381,1,NA,2022-02-28
"420",NA,"Ukraine","KrAZ-6322","destroyed","https://web.archive.org/web/20220228231935/https://i.postimg.cc/0QMkBhwk/Screenshot-8021.png","2022-03-30",101,382,1,NA,2022-02-28
"421",NA,"Ukraine","KrAZ-6322","captured","https://web.archive.org/web/20220228231935/https://postimg.cc/0zzW9YYS","2022-03-30",101,383,4,NA,2022-02-28
"422",NA,"Ukraine","KrAZ-6322","captured","https://web.archive.org/web/20220228231935/https://postimg.cc/G9jSKh34","2022-03-30",101,384,4,NA,2022-02-28
"423",NA,"Ukraine","KrAZ-6322","captured","https://web.archive.org/web/20220228231935/https://postimg.cc/v4CPT4hN","2022-03-30",101,385,4,NA,2022-02-28
"424",NA,"Ukraine","KrAZ-6322","captured","https://web.archive.org/web/20220228231935/https://postimg.cc/dLpRmzC7","2022-03-30",101,386,4,NA,2022-02-28
"425",NA,"Ukraine","KrAZ-6322","captured","https://web.archive.org/web/20220228231935/https://postimg.cc/jC9nGySm","2022-03-30",101,387,4,NA,2022-02-28
"426",NA,"Soviet Union","GAZ-66","destroyed","https://web.archive.org/web/20220228231935/https://postimg.cc/PP20VdH5","2022-03-30",64,388,1,NA,2022-02-28
"427",NA,"Soviet Union","GAZ-66","destroyed","https://web.archive.org/web/20220228231935/https://i.postimg.cc/hjdXLc6L/4f.png","2022-03-30",64,389,1,NA,2022-02-28
"428",NA,"Soviet Union","GAZ-66","damaged","https://web.archive.org/web/20220228231935/https://i.postimg.cc/gjhmvGsF/g3.png","2022-03-30",64,390,3,NA,2022-02-28
"429",NA,"Soviet Union","GAZ-66","damaged","https://web.archive.org/web/20220228231935/https://i.postimg.cc/YC0mqTkH/58.png","2022-03-30",64,391,3,NA,2022-02-28
"430",NA,"Soviet Union","GAZ-66","abandoned","https://web.archive.org/web/20220228231935/https://i.postimg.cc/YC0mqTkH/58.png","2022-03-30",64,391,2,NA,2022-02-28
"431",NA,"Soviet Union","GAZ-66","damaged","https://web.archive.org/web/20220228231935/https://i.postimg.cc/gj9TG17c/Screenshot-8228.png","2022-03-30",64,360,3,NA,2022-02-28
"432",NA,"Soviet Union","GAZ-66","abandoned","https://web.archive.org/web/20220228231935/https://i.postimg.cc/gj9TG17c/Screenshot-8228.png","2022-03-30",64,360,2,NA,2022-02-28
"433",NA,"Soviet Union","GAZ-66","abandoned","https://web.archive.org/web/20220228231935/https://i.postimg.cc/qvyKsBvd/Screenshot-8260.png","2022-03-30",64,392,2,NA,2022-02-28
"434",NA,"Soviet Union","GAZ-66","captured","https://web.archive.org/web/20220228231935/https://i.postimg.cc/9MGPZgQM/Screenshot-8017.png","2022-03-30",64,393,4,NA,2022-02-28
"435",NA,"Soviet Union","GAZ-66","captured","https://web.archive.org/web/20220228231935/https://i.postimg.cc/1RVZrFkD/Screenshot-8053.png","2022-03-30",64,394,4,NA,2022-02-28
"436",NA,"Soviet Union","GAZ-66","captured","https://web.archive.org/web/20220228231935/https://i.postimg.cc/jdz0Gbd5/Screenshot-8054.png","2022-03-30",64,395,4,NA,2022-02-28
"437",NA,"Soviet Union","ZiL-131","destroyed","https://web.archive.org/web/20220228231935/https://i.postimg.cc/t4mkVgHr/36.png","2022-03-30",65,396,1,NA,2022-02-28
"438",NA,"Soviet Union","ZiL-131","destroyed","https://web.archive.org/web/20220228231935/https://i.postimg.cc/kgPHnGM8/j8.png","2022-03-30",65,397,1,NA,2022-02-28
"439",NA,"Soviet Union","ZiL-131","destroyed","https://web.archive.org/web/20220228231935/https://i.postimg.cc/yxvN7tc3/69.png","2022-03-30",65,398,1,NA,2022-02-28
"440",NA,"Soviet Union","ZiL-131","abandoned","https://web.archive.org/web/20220228231935/https://i.postimg.cc/0j3LGCqH/Screenshot-8103.png","2022-03-30",65,399,2,NA,2022-02-28
"441",NA,"Soviet Union","Ural-375D","destroyed","https://web.archive.org/web/20220228231935/https://i.postimg.cc/3wXqjPj0/Screenshot-8077.png","2022-03-30",102,400,1,NA,2022-02-28
"442",NA,"Soviet Union","Ural-375D","captured","https://web.archive.org/web/20220228231935/https://i.postimg.cc/FKC8wRyc/Screenshot-8025.png","2022-03-30",102,401,4,NA,2022-02-28
"443",NA,"Soviet Union","Ural-4320","destroyed","https://web.archive.org/web/20220228231935/https://postimg.cc/yJNnspb7","2022-03-30",69,402,1,NA,2022-02-28
"444",NA,"Soviet Union","Ural-4320","captured","https://web.archive.org/web/20220228231935/https://i.postimg.cc/2SHMm16F/456.png","2022-03-30",69,403,4,NA,2022-02-28
"445",NA,"Soviet Union","KamAZ","destroyed","https://web.archive.org/web/20220228231935/https://i.postimg.cc/6pr9sdqZ/Screenshot-8019.png","2022-03-30",103,404,1,NA,2022-02-28
"446",NA,"Soviet Union","MAZ-537","destroyed","https://web.archive.org/web/20220228231935/https://i.postimg.cc/25RJZzWf/Screenshot-8076.png","2022-03-30",104,405,1,NA,2022-02-28
"447",NA,"Belarus","MAZ","destroyed","https://web.archive.org/web/20220228231935/https://i.postimg.cc/nL8S357x/6h.png","2022-03-30",105,406,1,NA,2022-02-28
"448",NA,"Belarus","MAZ","destroyed","https://web.archive.org/web/20220228231935/https://i.postimg.cc/26dvvmgq/t12.png","2022-03-30",105,407,1,NA,2022-02-28
"449",NA,"Belarus","MAZ","destroyed","https://web.archive.org/web/20220228231935/https://i.postimg.cc/g25vbgv0/t11.png","2022-03-30",105,408,1,NA,2022-02-28
"450",NA,"Belarus","MAZ","damaged","https://web.archive.org/web/20220228231935/https://i.postimg.cc/9fRbHBdp/f3.png","2022-03-30",105,409,3,NA,2022-02-28
"451",NA,"Belarus","MAZ","abandoned","https://web.archive.org/web/20220228231935/https://i.postimg.cc/ZRVpWfKB/Screenshot-8260.png","2022-03-30",105,410,2,NA,2022-02-28
"452",NA,"Soviet Union","UAZ-469","captured","https://web.archive.org/web/20220228231935/https://i.postimg.cc/tgpMs65F/Screenshot-8026.png","2022-03-30",106,411,4,NA,2022-02-28
"453",NA,"Ukraine","Unknown truck","destroyed","https://web.archive.org/web/20220228231935/https://i.postimg.cc/vBdfY7td/Screenshot-8019.png","2022-03-30",107,412,1,NA,2022-02-28
"454",NA,"Ukraine","Unknown truck","destroyed","https://web.archive.org/web/20220228231935/https://i.postimg.cc/gj9TG17c/Screenshot-8228.png","2022-03-30",107,360,1,NA,2022-02-28
"455",NA,"Ukraine","Unknown truck","destroyed","https://web.archive.org/web/20220228231935/https://i.postimg.cc/jScSwHTb/Screenshot-8020.png","2022-03-30",107,413,1,NA,2022-02-28
"456",NA,"Ukraine","Unknown truck","abandoned","https://web.archive.org/web/20220228231935/https://i.postimg.cc/28tzT4wY/54.png","2022-03-30",107,414,2,NA,2022-02-28
"457",NA,"Ukraine","Unknown truck","captured","https://web.archive.org/web/20220228231935/https://i.postimg.cc/JnP8Cxr0/Screenshot-8249.png","2022-03-30",107,415,4,NA,2022-02-28
